Table Name,State Code,District Code,Tehsil Code,Area Name,Total/ Rural/ Urban,Age-group,Type of disablity - In seeing - Males,Type of disablity - In seeing - Females,Type of disablity - In speech - Males,Type of disablity - In speech - Females,Type of disablity - In hearing - Males,Type of disablity - In hearing - Females,Type of disablity - In movement - Males,Type of disablity - In movement - Females,Type of disablity - Mental - Males,Type of disablity - Mental - Females
C4920,23,1,0,District - Sheopur *  01,Rural,0-4,306,242,11,7,8,8,56,46,12,16
C4920,23,1,0,District - Sheopur *  01,Rural,5-9,349,290,70,33,33,24,188,129,40,32
C4920,23,1,0,District - Sheopur *  01,Rural,10-19,582,461,103,45,67,30,537,283,119,54
C4920,23,1,0,District - Sheopur *  01,Rural,20-29,518,410,42,16,40,19,306,130,71,34
C4920,23,1,0,District - Sheopur *  01,Rural,30-39,533,299,36,16,38,22,196,105,78,45
C4920,23,1,0,District - Sheopur *  01,Rural,40-49,401,234,37,22,33,18,149,86,50,24
C4920,23,1,0,District - Sheopur *  01,Rural,50-59,327,230,11,20,40,38,131,90,38,26
C4920,23,1,0,District - Sheopur *  01,Rural,60-69,318,315,11,9,46,52,112,106,24,9
C4920,23,1,0,District - Sheopur *  01,Rural,70-79,198,234,8,5,41,54,79,72,10,11
C4920,23,1,0,District - Sheopur *  01,Rural,80-89,62,59,4,0,9,15,20,32,4,4
C4920,23,1,0,District - Sheopur *  01,Rural,90+,18,18,0,0,7,4,8,9,2,0
C4920,23,1,0,District - Sheopur *  01,Rural,Age not stated,25,7,0,0,0,0,2,1,0,0
C4920,23,1,0,District - Sheopur *  01,Urban,0-4,61,43,4,0,1,0,11,14,3,4
C4920,23,1,0,District - Sheopur *  01,Urban,5-9,75,52,11,4,2,1,26,27,10,8
C4920,23,1,0,District - Sheopur *  01,Urban,10-19,165,100,18,12,7,4,103,66,31,21
C4920,23,1,0,District - Sheopur *  01,Urban,20-29,116,94,12,7,7,1,98,43,26,7
C4920,23,1,0,District - Sheopur *  01,Urban,30-39,128,78,2,4,3,2,67,23,17,5
C4920,23,1,0,District - Sheopur *  01,Urban,40-49,97,59,6,1,3,2,31,20,10,10
C4920,23,1,0,District - Sheopur *  01,Urban,50-59,64,46,3,1,1,0,35,12,8,4
C4920,23,1,0,District - Sheopur *  01,Urban,60-69,57,54,3,1,5,3,29,24,4,2
C4920,23,1,0,District - Sheopur *  01,Urban,70-79,36,35,2,0,4,9,15,15,0,0
C4920,23,1,0,District - Sheopur *  01,Urban,80-89,11,11,1,0,4,0,5,5,0,0
C4920,23,1,0,District - Sheopur *  01,Urban,90+,1,5,0,0,0,0,0,4,0,0
C4920,23,1,0,District - Sheopur *  01,Urban,Age not stated,3,1,0,0,0,1,0,1,0,0
C4920,23,2,0,District - Morena  02,Rural,0-4,868,716,27,10,8,5,142,99,52,32
C4920,23,2,0,District - Morena  02,Rural,5-9,1010,782,156,97,42,16,660,316,107,55
C4920,23,2,0,District - Morena  02,Rural,10-19,1858,1150,284,137,101,40,1938,728,352,127
C4920,23,2,0,District - Morena  02,Rural,20-29,1370,957,140,80,53,27,1161,288,251,109
C4920,23,2,0,District - Morena  02,Rural,30-39,1227,818,117,56,52,18,632,221,181,65
C4920,23,2,0,District - Morena  02,Rural,40-49,1029,647,58,30,51,24,414,175,135,70
C4920,23,2,0,District - Morena  02,Rural,50-59,883,570,50,33,55,46,338,159,84,43
C4920,23,2,0,District - Morena  02,Rural,60-69,773,668,47,25,84,66,325,205,48,31
C4920,23,2,0,District - Morena  02,Rural,70-79,535,441,14,20,65,59,205,126,34,12
C4920,23,2,0,District - Morena  02,Rural,80-89,178,156,4,3,32,22,83,49,7,5
C4920,23,2,0,District - Morena  02,Rural,90+,45,57,1,1,8,8,22,17,1,0
C4920,23,2,0,District - Morena  02,Rural,Age not stated,29,14,4,3,2,0,16,3,2,1
C4920,23,2,0,District - Morena  02,Urban,0-4,127,104,3,3,1,3,56,36,18,5
C4920,23,2,0,District - Morena  02,Urban,5-9,165,96,43,26,8,10,173,104,34,23
C4920,23,2,0,District - Morena  02,Urban,10-19,354,212,98,53,25,12,582,270,117,58
C4920,23,2,0,District - Morena  02,Urban,20-29,231,153,43,20,22,10,390,119,96,29
C4920,23,2,0,District - Morena  02,Urban,30-39,229,129,28,10,10,4,194,79,60,27
C4920,23,2,0,District - Morena  02,Urban,40-49,232,123,11,16,10,5,159,58,37,20
C4920,23,2,0,District - Morena  02,Urban,50-59,125,79,9,6,9,8,103,51,21,16
C4920,23,2,0,District - Morena  02,Urban,60-69,105,96,8,8,8,24,97,62,8,12
C4920,23,2,0,District - Morena  02,Urban,70-79,62,68,3,0,26,19,48,33,8,1
C4920,23,2,0,District - Morena  02,Urban,80-89,22,14,2,1,2,11,20,21,1,0
C4920,23,2,0,District - Morena  02,Urban,90+,3,8,2,1,3,6,5,4,1,0
C4920,23,2,0,District - Morena  02,Urban,Age not stated,4,5,0,0,0,0,1,0,0,0
C4920,23,3,0,District - Bhind  03,Rural,0-4,496,403,11,12,12,2,130,68,35,21
C4920,23,3,0,District - Bhind  03,Rural,5-9,594,415,148,86,24,18,453,229,93,45
C4920,23,3,0,District - Bhind  03,Rural,10-19,1137,681,299,133,93,35,1534,504,295,93
C4920,23,3,0,District - Bhind  03,Rural,20-29,825,592,156,64,56,16,939,223,197,67
C4920,23,3,0,District - Bhind  03,Rural,30-39,785,513,95,58,51,31,580,203,160,65
C4920,23,3,0,District - Bhind  03,Rural,40-49,703,474,70,50,48,26,439,144,122,51
C4920,23,3,0,District - Bhind  03,Rural,50-59,629,478,42,40,68,52,354,159,72,37
C4920,23,3,0,District - Bhind  03,Rural,60-69,632,625,38,28,131,99,424,239,33,25
C4920,23,3,0,District - Bhind  03,Rural,70-79,492,414,20,22,102,94,300,173,26,15
C4920,23,3,0,District - Bhind  03,Rural,80-89,177,170,9,8,40,24,113,81,8,3
C4920,23,3,0,District - Bhind  03,Rural,90+,37,67,2,3,16,14,28,27,3,1
C4920,23,3,0,District - Bhind  03,Rural,Age not stated,18,9,0,0,0,1,8,3,2,0
C4920,23,3,0,District - Bhind  03,Urban,0-4,159,141,2,4,4,3,49,48,10,10
C4920,23,3,0,District - Bhind  03,Urban,5-9,187,190,34,32,2,5,166,94,30,22
C4920,23,3,0,District - Bhind  03,Urban,10-19,418,266,68,50,24,15,539,268,111,57
C4920,23,3,0,District - Bhind  03,Urban,20-29,343,216,48,24,18,11,378,123,94,30
C4920,23,3,0,District - Bhind  03,Urban,30-39,342,240,22,23,9,13,208,82,77,26
C4920,23,3,0,District - Bhind  03,Urban,40-49,276,179,19,15,9,6,153,44,56,15
C4920,23,3,0,District - Bhind  03,Urban,50-59,210,151,9,6,13,9,139,59,24,14
C4920,23,3,0,District - Bhind  03,Urban,60-69,172,168,5,4,24,31,128,60,16,14
C4920,23,3,0,District - Bhind  03,Urban,70-79,115,114,1,5,16,27,87,55,6,0
C4920,23,3,0,District - Bhind  03,Urban,80-89,33,19,2,0,11,9,23,18,0,0
C4920,23,3,0,District - Bhind  03,Urban,90+,6,11,0,0,1,2,7,9,0,0
C4920,23,3,0,District - Bhind  03,Urban,Age not stated,4,1,0,0,0,1,2,2,1,0
C4920,23,4,0,District - Gwalior  04,Rural,0-4,328,246,6,11,7,4,127,85,10,15
C4920,23,4,0,District - Gwalior  04,Rural,5-9,383,308,81,42,29,19,401,240,61,35
C4920,23,4,0,District - Gwalior  04,Rural,10-19,695,454,179,69,61,33,1356,579,180,64
C4920,23,4,0,District - Gwalior  04,Rural,20-29,573,378,80,24,41,24,735,215,125,35
C4920,23,4,0,District - Gwalior  04,Rural,30-39,512,388,38,26,38,24,503,158,114,44
C4920,23,4,0,District - Gwalior  04,Rural,40-49,447,306,22,16,24,20,330,103,55,45
C4920,23,4,0,District - Gwalior  04,Rural,50-59,351,279,15,10,35,33,245,129,31,28
C4920,23,4,0,District - Gwalior  04,Rural,60-69,379,446,8,12,37,55,233,138,19,20
C4920,23,4,0,District - Gwalior  04,Rural,70-79,245,289,7,4,44,47,145,111,4,5
C4920,23,4,0,District - Gwalior  04,Rural,80-89,94,111,2,0,28,15,52,46,2,1
C4920,23,4,0,District - Gwalior  04,Rural,90+,38,44,0,0,9,4,13,16,0,1
C4920,23,4,0,District - Gwalior  04,Rural,Age not stated,3,0,1,2,1,1,4,3,0,0
C4920,23,4,0,District - Gwalior  04,Urban,0-4,377,342,11,11,7,7,129,72,47,28
C4920,23,4,0,District - Gwalior  04,Urban,5-9,463,431,124,61,30,17,381,260,131,60
C4920,23,4,0,District - Gwalior  04,Urban,10-19,1107,875,257,136,89,46,1464,785,335,210
C4920,23,4,0,District - Gwalior  04,Urban,20-29,1028,683,146,69,48,23,1157,440,337,171
C4920,23,4,0,District - Gwalior  04,Urban,30-39,941,725,87,66,51,27,779,307,291,145
C4920,23,4,0,District - Gwalior  04,Urban,40-49,803,519,48,38,38,25,665,220,185,101
C4920,23,4,0,District - Gwalior  04,Urban,50-59,501,399,40,29,31,27,516,188,95,34
C4920,23,4,0,District - Gwalior  04,Urban,60-69,390,331,29,13,37,53,435,287,36,41
C4920,23,4,0,District - Gwalior  04,Urban,70-79,233,212,10,10,53,53,275,196,20,21
C4920,23,4,0,District - Gwalior  04,Urban,80-89,72,99,7,2,36,19,88,65,1,5
C4920,23,4,0,District - Gwalior  04,Urban,90+,15,27,0,0,3,6,27,21,3,2
C4920,23,4,0,District - Gwalior  04,Urban,Age not stated,30,17,3,0,1,1,6,4,0,2
C4920,23,5,0,District - Datia  05,Rural,0-4,236,200,16,2,5,4,87,50,10,9
C4920,23,5,0,District - Datia  05,Rural,5-9,289,218,60,40,16,13,208,115,48,21
C4920,23,5,0,District - Datia  05,Rural,10-19,561,331,118,43,36,16,714,270,93,45
C4920,23,5,0,District - Datia  05,Rural,20-29,374,295,59,33,32,10,441,157,85,44
C4920,23,5,0,District - Datia  05,Rural,30-39,341,255,46,25,40,20,331,118,94,37
C4920,23,5,0,District - Datia  05,Rural,40-49,269,172,24,29,35,20,267,92,47,33
C4920,23,5,0,District - Datia  05,Rural,50-59,253,196,19,13,43,37,174,113,34,20
C4920,23,5,0,District - Datia  05,Rural,60-69,240,330,18,11,40,50,208,136,12,9
C4920,23,5,0,District - Datia  05,Rural,70-79,224,219,12,7,48,45,117,123,10,8
C4920,23,5,0,District - Datia  05,Rural,80-89,64,63,1,2,14,18,44,54,1,2
C4920,23,5,0,District - Datia  05,Rural,90+,13,34,1,0,4,6,16,22,1,0
C4920,23,5,0,District - Datia  05,Rural,Age not stated,71,61,2,4,5,2,13,8,1,3
C4920,23,5,0,District - Datia  05,Urban,0-4,46,36,1,5,4,1,31,21,3,1
C4920,23,5,0,District - Datia  05,Urban,5-9,52,36,16,9,1,8,70,38,9,9
C4920,23,5,0,District - Datia  05,Urban,10-19,122,56,37,18,11,11,227,119,41,23
C4920,23,5,0,District - Datia  05,Urban,20-29,101,60,25,12,8,5,152,68,37,15
C4920,23,5,0,District - Datia  05,Urban,30-39,87,72,4,6,7,3,124,49,25,15
C4920,23,5,0,District - Datia  05,Urban,40-49,83,48,13,5,10,5,89,50,22,7
C4920,23,5,0,District - Datia  05,Urban,50-59,42,40,2,2,8,7,70,35,8,5
C4920,23,5,0,District - Datia  05,Urban,60-69,53,46,3,3,12,17,61,34,3,7
C4920,23,5,0,District - Datia  05,Urban,70-79,26,37,1,1,9,13,39,30,2,1
C4920,23,5,0,District - Datia  05,Urban,80-89,7,16,1,1,1,8,10,24,3,1
C4920,23,5,0,District - Datia  05,Urban,90+,1,8,0,0,1,1,2,7,0,0
C4920,23,5,0,District - Datia  05,Urban,Age not stated,3,2,0,0,0,0,5,3,0,1
C4920,23,6,0,District - Shivpuri  06,Rural,0-4,850,650,27,13,18,5,191,129,21,21
C4920,23,6,0,District - Shivpuri  06,Rural,5-9,945,741,136,103,57,47,504,296,87,48
C4920,23,6,0,District - Shivpuri  06,Rural,10-19,1447,1034,258,137,156,73,1475,591,215,96
C4920,23,6,0,District - Shivpuri  06,Rural,20-29,1233,892,139,64,77,33,941,341,213,90
C4920,23,6,0,District - Shivpuri  06,Rural,30-39,1183,736,69,62,95,38,606,292,161,106
C4920,23,6,0,District - Shivpuri  06,Rural,40-49,918,599,44,29,79,48,478,220,104,57
C4920,23,6,0,District - Shivpuri  06,Rural,50-59,775,609,46,35,82,74,416,214,77,51
C4920,23,6,0,District - Shivpuri  06,Rural,60-69,752,809,23,24,141,108,395,261,52,38
C4920,23,6,0,District - Shivpuri  06,Rural,70-79,408,527,11,10,101,105,211,178,15,15
C4920,23,6,0,District - Shivpuri  06,Rural,80-89,146,200,5,6,31,30,83,97,5,5
C4920,23,6,0,District - Shivpuri  06,Rural,90+,39,63,0,2,12,8,18,39,2,2
C4920,23,6,0,District - Shivpuri  06,Rural,Age not stated,38,23,2,0,6,5,18,8,2,1
C4920,23,6,0,District - Shivpuri  06,Urban,0-4,80,76,5,2,0,0,44,30,6,5
C4920,23,6,0,District - Shivpuri  06,Urban,5-9,122,106,36,24,6,6,84,47,19,15
C4920,23,6,0,District - Shivpuri  06,Urban,10-19,240,164,56,42,19,20,322,193,57,31
C4920,23,6,0,District - Shivpuri  06,Urban,20-29,164,142,27,23,11,9,240,96,67,17
C4920,23,6,0,District - Shivpuri  06,Urban,30-39,180,137,26,14,11,3,152,65,45,30
C4920,23,6,0,District - Shivpuri  06,Urban,40-49,143,112,17,4,11,9,106,47,29,15
C4920,23,6,0,District - Shivpuri  06,Urban,50-59,98,72,4,7,13,10,97,31,14,8
C4920,23,6,0,District - Shivpuri  06,Urban,60-69,74,74,5,3,25,16,53,45,7,6
C4920,23,6,0,District - Shivpuri  06,Urban,70-79,39,41,1,2,11,10,35,32,2,2
C4920,23,6,0,District - Shivpuri  06,Urban,80-89,14,18,1,1,4,11,16,12,0,0
C4920,23,6,0,District - Shivpuri  06,Urban,90+,8,10,0,1,4,3,4,8,0,1
C4920,23,6,0,District - Shivpuri  06,Urban,Age not stated,6,4,4,0,0,0,5,0,0,2
C4920,23,7,0,District - Guna  07,Rural,0-4,448,356,37,17,28,17,249,168,31,26
C4920,23,7,0,District - Guna  07,Rural,5-9,522,472,190,131,94,64,667,419,97,52
C4920,23,7,0,District - Guna  07,Rural,10-19,879,646,293,126,227,115,1767,826,249,130
C4920,23,7,0,District - Guna  07,Rural,20-29,699,478,156,75,98,56,1262,477,232,128
C4920,23,7,0,District - Guna  07,Rural,30-39,752,414,107,66,120,81,826,424,249,119
C4920,23,7,0,District - Guna  07,Rural,40-49,701,369,59,46,100,70,599,280,132,81
C4920,23,7,0,District - Guna  07,Rural,50-59,621,428,48,29,133,105,482,282,77,48
C4920,23,7,0,District - Guna  07,Rural,60-69,819,883,37,33,190,174,547,418,49,57
C4920,23,7,0,District - Guna  07,Rural,70-79,575,560,21,15,159,114,328,244,16,24
C4920,23,7,0,District - Guna  07,Rural,80-89,202,193,6,3,59,51,121,97,7,3
C4920,23,7,0,District - Guna  07,Rural,90+,47,80,1,2,15,12,23,31,2,0
C4920,23,7,0,District - Guna  07,Rural,Age not stated,23,23,1,1,3,6,23,10,4,3
C4920,23,7,0,District - Guna  07,Urban,0-4,67,75,7,1,3,3,64,37,4,3
C4920,23,7,0,District - Guna  07,Urban,5-9,95,70,47,34,11,14,155,105,38,27
C4920,23,7,0,District - Guna  07,Urban,10-19,164,138,68,58,38,18,477,248,115,58
C4920,23,7,0,District - Guna  07,Urban,20-29,110,70,39,25,27,15,359,136,95,45
C4920,23,7,0,District - Guna  07,Urban,30-39,99,63,34,19,19,7,216,109,74,38
C4920,23,7,0,District - Guna  07,Urban,40-49,97,54,17,9,17,12,176,74,49,28
C4920,23,7,0,District - Guna  07,Urban,50-59,72,61,14,4,14,18,138,66,27,11
C4920,23,7,0,District - Guna  07,Urban,60-69,87,106,6,8,19,25,141,70,15,14
C4920,23,7,0,District - Guna  07,Urban,70-79,64,79,5,1,27,23,85,56,4,5
C4920,23,7,0,District - Guna  07,Urban,80-89,22,23,2,0,18,10,20,19,1,3
C4920,23,7,0,District - Guna  07,Urban,90+,7,14,1,0,2,0,8,7,1,0
C4920,23,7,0,District - Guna  07,Urban,Age not stated,5,1,0,1,0,0,3,0,0,1
C4920,23,8,0,District - Tikamgarh  08,Rural,0-4,397,373,22,13,15,13,189,142,19,17
C4920,23,8,0,District - Tikamgarh  08,Rural,5-9,405,444,115,82,53,41,479,314,62,47
C4920,23,8,0,District - Tikamgarh  08,Rural,10-19,843,566,265,135,138,69,1655,825,173,111
C4920,23,8,0,District - Tikamgarh  08,Rural,20-29,697,509,133,62,69,41,1009,426,158,98
C4920,23,8,0,District - Tikamgarh  08,Rural,30-39,646,471,92,53,58,44,619,322,145,86
C4920,23,8,0,District - Tikamgarh  08,Rural,40-49,563,376,46,29,61,38,480,214,118,72
C4920,23,8,0,District - Tikamgarh  08,Rural,50-59,489,383,31,29,71,80,392,230,52,40
C4920,23,8,0,District - Tikamgarh  08,Rural,60-69,576,583,20,28,113,98,462,359,37,38
C4920,23,8,0,District - Tikamgarh  08,Rural,70-79,379,419,8,5,76,82,285,253,7,13
C4920,23,8,0,District - Tikamgarh  08,Rural,80-89,132,179,2,3,22,29,100,121,2,3
C4920,23,8,0,District - Tikamgarh  08,Rural,90+,37,47,0,2,9,8,33,43,0,1
C4920,23,8,0,District - Tikamgarh  08,Rural,Age not stated,12,4,1,0,1,0,6,0,0,0
C4920,23,8,0,District - Tikamgarh  08,Urban,0-4,82,88,1,3,2,7,42,43,4,6
C4920,23,8,0,District - Tikamgarh  08,Urban,5-9,97,93,21,18,15,10,103,80,21,14
C4920,23,8,0,District - Tikamgarh  08,Urban,10-19,186,151,71,37,28,16,417,215,51,43
C4920,23,8,0,District - Tikamgarh  08,Urban,20-29,143,133,42,10,18,10,307,123,65,23
C4920,23,8,0,District - Tikamgarh  08,Urban,30-39,122,114,19,10,19,8,177,83,46,23
C4920,23,8,0,District - Tikamgarh  08,Urban,40-49,108,92,13,5,11,4,123,66,33,16
C4920,23,8,0,District - Tikamgarh  08,Urban,50-59,70,89,10,5,14,16,93,53,17,10
C4920,23,8,0,District - Tikamgarh  08,Urban,60-69,101,132,2,5,17,11,91,68,11,7
C4920,23,8,0,District - Tikamgarh  08,Urban,70-79,58,81,2,2,16,20,45,43,2,4
C4920,23,8,0,District - Tikamgarh  08,Urban,80-89,26,28,0,0,4,8,22,21,1,1
C4920,23,8,0,District - Tikamgarh  08,Urban,90+,8,21,0,0,1,3,4,10,0,0
C4920,23,8,0,District - Tikamgarh  08,Urban,Age not stated,3,4,0,0,1,0,3,2,0,0
C4920,23,9,0,District - Chhatarpur  09,Rural,0-4,589,544,32,19,20,15,158,149,45,28
C4920,23,9,0,District - Chhatarpur  09,Rural,5-9,666,603,190,143,51,41,498,323,100,70
C4920,23,9,0,District - Chhatarpur  09,Rural,10-19,1121,809,372,177,185,76,1783,810,285,137
C4920,23,9,0,District - Chhatarpur  09,Rural,20-29,725,527,153,77,86,39,837,343,215,111
C4920,23,9,0,District - Chhatarpur  09,Rural,30-39,578,338,85,79,66,35,529,252,180,83
C4920,23,9,0,District - Chhatarpur  09,Rural,40-49,470,382,61,46,56,41,456,222,126,76
C4920,23,9,0,District - Chhatarpur  09,Rural,50-59,520,458,39,33,85,72,391,245,64,53
C4920,23,9,0,District - Chhatarpur  09,Rural,60-69,686,722,38,28,148,113,443,365,52,43
C4920,23,9,0,District - Chhatarpur  09,Rural,70-79,456,493,22,7,132,99,300,251,18,26
C4920,23,9,0,District - Chhatarpur  09,Rural,80-89,222,206,3,3,57,33,119,110,6,4
C4920,23,9,0,District - Chhatarpur  09,Rural,90+,39,62,4,3,22,16,34,37,0,1
C4920,23,9,0,District - Chhatarpur  09,Rural,Age not stated,8,7,0,1,2,0,10,1,0,1
C4920,23,9,0,District - Chhatarpur  09,Urban,0-4,76,59,5,4,1,2,46,35,4,9
C4920,23,9,0,District - Chhatarpur  09,Urban,5-9,107,69,32,31,7,5,123,88,34,16
C4920,23,9,0,District - Chhatarpur  09,Urban,10-19,225,161,106,56,31,20,539,257,99,61
C4920,23,9,0,District - Chhatarpur  09,Urban,20-29,185,103,35,23,14,8,306,111,101,35
C4920,23,9,0,District - Chhatarpur  09,Urban,30-39,153,83,26,20,11,7,152,66,76,35
C4920,23,9,0,District - Chhatarpur  09,Urban,40-49,123,79,10,11,9,7,120,50,42,26
C4920,23,9,0,District - Chhatarpur  09,Urban,50-59,99,64,7,6,10,10,96,45,21,20
C4920,23,9,0,District - Chhatarpur  09,Urban,60-69,90,97,5,9,14,20,100,62,10,11
C4920,23,9,0,District - Chhatarpur  09,Urban,70-79,71,56,3,3,22,16,75,46,5,2
C4920,23,9,0,District - Chhatarpur  09,Urban,80-89,22,24,2,2,6,5,27,23,1,2
C4920,23,9,0,District - Chhatarpur  09,Urban,90+,3,7,0,1,7,1,7,12,1,1
C4920,23,9,0,District - Chhatarpur  09,Urban,Age not stated,0,0,0,0,0,0,0,1,0,0
C4920,23,10,0,District - Panna  10,Rural,0-4,409,344,10,7,7,9,168,111,23,20
C4920,23,10,0,District - Panna  10,Rural,5-9,420,405,118,76,38,25,321,217,80,59
C4920,23,10,0,District - Panna  10,Rural,10-19,818,555,143,89,94,43,859,471,176,95
C4920,23,10,0,District - Panna  10,Rural,20-29,613,483,80,47,42,25,415,204,169,74
C4920,23,10,0,District - Panna  10,Rural,30-39,582,411,62,39,44,31,319,173,153,70
C4920,23,10,0,District - Panna  10,Rural,40-49,465,290,38,19,62,29,278,146,86,61
C4920,23,10,0,District - Panna  10,Rural,50-59,421,327,24,20,46,45,239,172,46,42
C4920,23,10,0,District - Panna  10,Rural,60-69,493,513,19,13,86,72,289,276,23,29
C4920,23,10,0,District - Panna  10,Rural,70-79,311,293,15,7,63,66,208,205,9,14
C4920,23,10,0,District - Panna  10,Rural,80-89,103,102,2,2,23,18,72,54,3,1
C4920,23,10,0,District - Panna  10,Rural,90+,25,30,2,2,12,4,21,30,3,1
C4920,23,10,0,District - Panna  10,Rural,Age not stated,8,7,1,0,0,3,4,4,1,0
C4920,23,10,0,District - Panna  10,Urban,0-4,70,56,4,3,1,1,20,15,5,1
C4920,23,10,0,District - Panna  10,Urban,5-9,57,56,10,9,3,1,37,26,13,4
C4920,23,10,0,District - Panna  10,Urban,10-19,135,76,32,21,9,5,143,88,39,22
C4920,23,10,0,District - Panna  10,Urban,20-29,103,72,19,5,8,4,112,51,34,17
C4920,23,10,0,District - Panna  10,Urban,30-39,109,76,8,9,5,3,78,33,46,11
C4920,23,10,0,District - Panna  10,Urban,40-49,87,49,6,1,2,3,58,28,20,3
C4920,23,10,0,District - Panna  10,Urban,50-59,59,35,6,3,6,4,53,14,7,5
C4920,23,10,0,District - Panna  10,Urban,60-69,40,31,2,4,5,4,37,24,5,5
C4920,23,10,0,District - Panna  10,Urban,70-79,15,34,0,0,9,2,34,16,2,1
C4920,23,10,0,District - Panna  10,Urban,80-89,12,7,0,0,3,3,6,11,1,1
C4920,23,10,0,District - Panna  10,Urban,90+,3,4,0,1,1,0,4,4,0,0
C4920,23,10,0,District - Panna  10,Urban,Age not stated,0,0,0,0,0,0,0,0,0,0
C4920,23,11,0,District - Sagar  11,Rural,0-4,712,681,52,38,26,31,358,245,40,21
C4920,23,11,0,District - Sagar  11,Rural,5-9,793,798,306,196,109,84,766,487,128,97
C4920,23,11,0,District - Sagar  11,Rural,10-19,1623,1111,471,242,338,166,2232,1043,405,229
C4920,23,11,0,District - Sagar  11,Rural,20-29,1250,836,247,110,154,79,1502,653,361,169
C4920,23,11,0,District - Sagar  11,Rural,30-39,1163,655,143,93,138,100,1155,549,347,156
C4920,23,11,0,District - Sagar  11,Rural,40-49,1017,568,95,59,141,114,1046,457,228,127
C4920,23,11,0,District - Sagar  11,Rural,50-59,782,660,58,49,140,105,803,560,105,70
C4920,23,11,0,District - Sagar  11,Rural,60-69,1064,1252,63,54,276,239,1044,849,71,72
C4920,23,11,0,District - Sagar  11,Rural,70-79,759,836,28,30,191,208,728,569,27,31
C4920,23,11,0,District - Sagar  11,Rural,80-89,270,323,12,11,94,55,260,247,7,15
C4920,23,11,0,District - Sagar  11,Rural,90+,79,100,1,6,29,27,62,103,1,2
C4920,23,11,0,District - Sagar  11,Rural,Age not stated,41,29,1,2,3,1,19,6,4,2
C4920,23,11,0,District - Sagar  11,Urban,0-4,316,306,9,10,9,9,111,89,19,20
C4920,23,11,0,District - Sagar  11,Urban,5-9,314,318,70,64,19,25,253,138,54,46
C4920,23,11,0,District - Sagar  11,Urban,10-19,919,678,172,88,75,52,779,409,214,115
C4920,23,11,0,District - Sagar  11,Urban,20-29,633,493,77,41,42,18,635,246,204,105
C4920,23,11,0,District - Sagar  11,Urban,30-39,678,530,62,23,35,24,438,190,183,95
C4920,23,11,0,District - Sagar  11,Urban,40-49,532,387,17,12,33,23,374,137,102,57
C4920,23,11,0,District - Sagar  11,Urban,50-59,368,320,16,16,28,32,288,154,47,37
C4920,23,11,0,District - Sagar  11,Urban,60-69,387,403,16,15,57,51,301,230,20,27
C4920,23,11,0,District - Sagar  11,Urban,70-79,180,227,10,6,48,38,154,133,8,7
C4920,23,11,0,District - Sagar  11,Urban,80-89,45,75,5,4,24,22,60,65,3,2
C4920,23,11,0,District - Sagar  11,Urban,90+,13,31,1,0,7,8,13,21,0,1
C4920,23,11,0,District - Sagar  11,Urban,Age not stated,17,22,0,0,0,0,2,2,3,1
C4920,23,12,0,District - Damoh  12,Rural,0-4,318,342,21,13,17,5,182,127,20,17
C4920,23,12,0,District - Damoh  12,Rural,5-9,393,367,144,90,70,32,455,283,83,41
C4920,23,12,0,District - Damoh  12,Rural,10-19,832,563,268,131,117,71,1290,602,229,136
C4920,23,12,0,District - Damoh  12,Rural,20-29,612,457,108,68,76,36,722,356,223,103
C4920,23,12,0,District - Damoh  12,Rural,30-39,700,393,74,65,73,29,593,247,210,106
C4920,23,12,0,District - Damoh  12,Rural,40-49,589,339,46,35,68,47,489,235,120,58
C4920,23,12,0,District - Damoh  12,Rural,50-59,433,381,39,27,72,70,411,258,50,41
C4920,23,12,0,District - Damoh  12,Rural,60-69,559,715,41,22,124,146,501,487,38,35
C4920,23,12,0,District - Damoh  12,Rural,70-79,369,505,17,7,90,110,322,367,15,13
C4920,23,12,0,District - Damoh  12,Rural,80-89,154,196,4,7,41,38,106,133,1,4
C4920,23,12,0,District - Damoh  12,Rural,90+,35,53,2,0,6,23,23,52,0,3
C4920,23,12,0,District - Damoh  12,Rural,Age not stated,14,9,0,1,2,1,7,3,1,1
C4920,23,12,0,District - Damoh  12,Urban,0-4,75,87,2,1,4,2,38,29,6,7
C4920,23,12,0,District - Damoh  12,Urban,5-9,100,93,17,12,2,3,70,67,16,12
C4920,23,12,0,District - Damoh  12,Urban,10-19,226,180,50,33,14,11,314,169,79,42
C4920,23,12,0,District - Damoh  12,Urban,20-29,168,126,22,19,7,10,183,89,64,25
C4920,23,12,0,District - Damoh  12,Urban,30-39,180,142,19,20,16,5,136,81,75,39
C4920,23,12,0,District - Damoh  12,Urban,40-49,155,93,18,9,8,6,115,39,40,18
C4920,23,12,0,District - Damoh  12,Urban,50-59,122,81,6,7,5,8,89,57,20,13
C4920,23,12,0,District - Damoh  12,Urban,60-69,110,128,8,4,23,19,113,70,15,14
C4920,23,12,0,District - Damoh  12,Urban,70-79,65,79,5,0,18,14,56,62,6,1
C4920,23,12,0,District - Damoh  12,Urban,80-89,26,25,0,1,6,8,13,37,1,1
C4920,23,12,0,District - Damoh  12,Urban,90+,7,13,0,0,3,5,6,10,0,0
C4920,23,12,0,District - Damoh  12,Urban,Age not stated,3,1,0,2,1,0,2,0,2,1
C4920,23,13,0,District - Satna  13,Rural,0-4,497,464,39,17,29,16,304,229,55,28
C4920,23,13,0,District - Satna  13,Rural,5-9,647,599,228,169,73,49,711,490,216,101
C4920,23,13,0,District - Satna  13,Rural,10-19,1269,997,420,243,170,102,1922,1023,541,269
C4920,23,13,0,District - Satna  13,Rural,20-29,1030,664,185,134,108,52,1225,528,383,204
C4920,23,13,0,District - Satna  13,Rural,30-39,1038,630,153,120,114,68,1074,507,413,177
C4920,23,13,0,District - Satna  13,Rural,40-49,847,522,67,79,125,81,899,370,247,125
C4920,23,13,0,District - Satna  13,Rural,50-59,761,597,54,54,117,95,773,441,135,85
C4920,23,13,0,District - Satna  13,Rural,60-69,919,1010,46,51,170,177,1025,675,90,73
C4920,23,13,0,District - Satna  13,Rural,70-79,648,622,29,16,170,128,697,467,31,23
C4920,23,13,0,District - Satna  13,Rural,80-89,209,199,8,8,58,50,221,158,13,7
C4920,23,13,0,District - Satna  13,Rural,90+,61,48,1,1,16,11,80,51,2,4
C4920,23,13,0,District - Satna  13,Rural,Age not stated,23,20,1,0,4,6,21,4,5,1
C4920,23,13,0,District - Satna  13,Urban,0-4,80,67,8,8,5,5,62,46,15,9
C4920,23,13,0,District - Satna  13,Urban,5-9,145,83,55,41,12,9,152,108,53,23
C4920,23,13,0,District - Satna  13,Urban,10-19,316,183,95,68,28,20,483,299,159,99
C4920,23,13,0,District - Satna  13,Urban,20-29,199,135,70,32,23,13,309,129,147,64
C4920,23,13,0,District - Satna  13,Urban,30-39,181,112,43,26,18,8,255,98,127,60
C4920,23,13,0,District - Satna  13,Urban,40-49,174,86,25,9,11,10,233,86,78,42
C4920,23,13,0,District - Satna  13,Urban,50-59,99,74,11,10,11,8,167,75,29,20
C4920,23,13,0,District - Satna  13,Urban,60-69,113,99,7,8,22,29,161,113,12,18
C4920,23,13,0,District - Satna  13,Urban,70-79,74,85,4,2,28,14,110,68,14,6
C4920,23,13,0,District - Satna  13,Urban,80-89,24,33,1,1,9,11,43,35,2,2
C4920,23,13,0,District - Satna  13,Urban,90+,7,12,1,0,3,3,5,10,1,0
C4920,23,13,0,District - Satna  13,Urban,Age not stated,2,6,1,0,1,0,0,1,2,1
C4920,23,14,0,District - Rewa  14,Rural,0-4,716,675,34,33,21,19,302,190,56,24
C4920,23,14,0,District - Rewa  14,Rural,5-9,903,797,266,189,66,51,703,382,165,86
C4920,23,14,0,District - Rewa  14,Rural,10-19,1724,1407,544,332,173,86,1791,895,478,262
C4920,23,14,0,District - Rewa  14,Rural,20-29,1242,1097,294,160,127,51,1233,435,453,215
C4920,23,14,0,District - Rewa  14,Rural,30-39,1031,923,147,133,104,51,1052,398,381,169
C4920,23,14,0,District - Rewa  14,Rural,40-49,812,682,115,75,91,58,917,382,231,114
C4920,23,14,0,District - Rewa  14,Rural,50-59,689,652,61,55,106,105,923,433,146,89
C4920,23,14,0,District - Rewa  14,Rural,60-69,902,1096,63,53,172,153,1268,784,98,82
C4920,23,14,0,District - Rewa  14,Rural,70-79,711,768,25,33,163,120,853,552,43,35
C4920,23,14,0,District - Rewa  14,Rural,80-89,255,258,5,8,82,39,276,223,11,11
C4920,23,14,0,District - Rewa  14,Rural,90+,88,73,2,2,18,11,78,66,7,6
C4920,23,14,0,District - Rewa  14,Rural,Age not stated,10,12,2,0,3,1,14,4,1,0
C4920,23,14,0,District - Rewa  14,Urban,0-4,333,233,8,5,3,3,61,25,6,7
C4920,23,14,0,District - Rewa  14,Urban,5-9,392,350,46,23,21,5,118,80,30,27
C4920,23,14,0,District - Rewa  14,Urban,10-19,900,634,110,49,93,21,385,198,112,78
C4920,23,14,0,District - Rewa  14,Urban,20-29,622,510,57,30,26,13,246,99,119,50
C4920,23,14,0,District - Rewa  14,Urban,30-39,507,442,36,25,26,11,201,87,118,41
C4920,23,14,0,District - Rewa  14,Urban,40-49,376,307,27,16,15,7,174,53,56,21
C4920,23,14,0,District - Rewa  14,Urban,50-59,226,168,12,9,16,5,160,58,27,16
C4920,23,14,0,District - Rewa  14,Urban,60-69,173,212,14,9,20,19,177,113,17,14
C4920,23,14,0,District - Rewa  14,Urban,70-79,94,95,3,7,26,9,88,69,3,2
C4920,23,14,0,District - Rewa  14,Urban,80-89,27,34,0,2,9,4,41,18,4,2
C4920,23,14,0,District - Rewa  14,Urban,90+,13,15,0,0,3,0,8,14,1,1
C4920,23,14,0,District - Rewa  14,Urban,Age not stated,7,8,0,0,0,0,3,0,1,1
C4920,23,15,0,District - Umaria *  15,Rural,0-4,257,229,8,8,12,7,72,60,14,14
C4920,23,15,0,District - Umaria *  15,Rural,5-9,249,236,52,40,26,18,155,109,50,28
C4920,23,15,0,District - Umaria *  15,Rural,10-19,510,414,106,61,53,27,434,292,118,74
C4920,23,15,0,District - Umaria *  15,Rural,20-29,338,252,50,33,35,17,239,100,89,60
C4920,23,15,0,District - Umaria *  15,Rural,30-39,348,250,42,23,43,14,196,116,101,51
C4920,23,15,0,District - Umaria *  15,Rural,40-49,273,175,24,20,27,21,212,99,66,28
C4920,23,15,0,District - Umaria *  15,Rural,50-59,293,195,13,12,40,37,187,142,32,23
C4920,23,15,0,District - Umaria *  15,Rural,60-69,297,268,18,11,64,55,244,235,20,19
C4920,23,15,0,District - Umaria *  15,Rural,70-79,179,162,3,4,50,47,148,121,13,6
C4920,23,15,0,District - Umaria *  15,Rural,80-89,47,40,1,1,28,11,39,54,3,4
C4920,23,15,0,District - Umaria *  15,Rural,90+,16,15,0,1,2,4,11,23,0,1
C4920,23,15,0,District - Umaria *  15,Rural,Age not stated,11,2,0,0,0,0,2,1,0,0
C4920,23,15,0,District - Umaria *  15,Urban,0-4,56,46,3,0,2,0,9,6,4,1
C4920,23,15,0,District - Umaria *  15,Urban,5-9,64,63,11,8,2,0,21,15,5,2
C4920,23,15,0,District - Umaria *  15,Urban,10-19,136,99,23,19,6,6,70,50,17,18
C4920,23,15,0,District - Umaria *  15,Urban,20-29,102,89,13,7,4,2,59,19,20,14
C4920,23,15,0,District - Umaria *  15,Urban,30-39,91,62,6,2,4,2,44,22,17,8
C4920,23,15,0,District - Umaria *  15,Urban,40-49,63,44,4,3,3,1,42,16,7,6
C4920,23,15,0,District - Umaria *  15,Urban,50-59,50,39,2,2,4,4,23,19,4,0
C4920,23,15,0,District - Umaria *  15,Urban,60-69,53,49,1,0,7,7,21,19,1,1
C4920,23,15,0,District - Umaria *  15,Urban,70-79,21,23,2,1,9,4,14,14,1,2
C4920,23,15,0,District - Umaria *  15,Urban,80-89,8,8,0,0,3,4,6,9,0,0
C4920,23,15,0,District - Umaria *  15,Urban,90+,0,2,0,0,0,1,2,1,0,0
C4920,23,15,0,District - Umaria *  15,Urban,Age not stated,1,7,0,0,0,0,1,1,0,0
C4920,23,16,0,District - Shahdol  16,Rural,0-4,289,271,25,12,12,17,226,165,22,14
C4920,23,16,0,District - Shahdol  16,Rural,5-9,289,286,159,113,68,64,366,256,85,57
C4920,23,16,0,District - Shahdol  16,Rural,10-19,654,560,300,215,175,103,1049,596,309,177
C4920,23,16,0,District - Shahdol  16,Rural,20-29,479,414,160,114,102,56,615,324,259,193
C4920,23,16,0,District - Shahdol  16,Rural,30-39,573,391,138,112,85,86,618,352,289,147
C4920,23,16,0,District - Shahdol  16,Rural,40-49,496,388,109,62,124,71,529,336,165,106
C4920,23,16,0,District - Shahdol  16,Rural,50-59,490,388,44,39,144,108,500,354,88,63
C4920,23,16,0,District - Shahdol  16,Rural,60-69,582,631,30,39,195,161,590,549,53,42
C4920,23,16,0,District - Shahdol  16,Rural,70-79,381,363,19,13,117,105,360,340,23,22
C4920,23,16,0,District - Shahdol  16,Rural,80-89,127,120,4,2,53,35,122,153,12,4
C4920,23,16,0,District - Shahdol  16,Rural,90+,37,16,2,1,11,9,44,52,4,8
C4920,23,16,0,District - Shahdol  16,Rural,Age not stated,10,7,0,1,1,0,12,10,2,0
C4920,23,16,0,District - Shahdol  16,Urban,0-4,65,50,16,3,2,2,40,32,13,11
C4920,23,16,0,District - Shahdol  16,Urban,5-9,90,97,52,45,6,2,93,49,26,33
C4920,23,16,0,District - Shahdol  16,Urban,10-19,203,201,117,75,39,17,390,233,127,83
C4920,23,16,0,District - Shahdol  16,Urban,20-29,152,99,41,26,12,10,236,109,108,43
C4920,23,16,0,District - Shahdol  16,Urban,30-39,151,101,19,20,17,15,169,86,92,49
C4920,23,16,0,District - Shahdol  16,Urban,40-49,167,76,24,8,20,15,151,60,45,29
C4920,23,16,0,District - Shahdol  16,Urban,50-59,111,70,13,3,22,13,126,61,23,12
C4920,23,16,0,District - Shahdol  16,Urban,60-69,74,81,8,7,29,19,103,81,12,18
C4920,23,16,0,District - Shahdol  16,Urban,70-79,49,50,1,7,24,14,61,60,4,4
C4920,23,16,0,District - Shahdol  16,Urban,80-89,16,15,0,1,9,9,20,16,1,1
C4920,23,16,0,District - Shahdol  16,Urban,90+,6,2,0,0,1,3,6,6,0,2
C4920,23,16,0,District - Shahdol  16,Urban,Age not stated,0,0,0,0,0,1,0,1,2,2
C4920,23,17,0,District - Sidhi  17,Rural,0-4,417,351,23,18,19,16,247,178,35,34
C4920,23,17,0,District - Sidhi  17,Rural,5-9,513,455,254,197,85,57,579,381,145,84
C4920,23,17,0,District - Sidhi  17,Rural,10-19,884,658,436,249,159,87,1400,810,314,245
C4920,23,17,0,District - Sidhi  17,Rural,20-29,576,462,181,153,105,50,795,354,304,155
C4920,23,17,0,District - Sidhi  17,Rural,30-39,583,481,147,118,57,53,743,364,283,130
C4920,23,17,0,District - Sidhi  17,Rural,40-49,489,395,82,75,92,53,605,309,175,105
C4920,23,17,0,District - Sidhi  17,Rural,50-59,354,388,38,35,100,80,553,346,80,60
C4920,23,17,0,District - Sidhi  17,Rural,60-69,624,714,36,47,178,181,766,629,82,50
C4920,23,17,0,District - Sidhi  17,Rural,70-79,474,412,13,20,152,114,536,433,36,23
C4920,23,17,0,District - Sidhi  17,Rural,80-89,175,146,7,6,62,38,196,185,8,11
C4920,23,17,0,District - Sidhi  17,Rural,90+,34,40,0,1,20,15,53,46,3,3
C4920,23,17,0,District - Sidhi  17,Rural,Age not stated,13,7,4,2,0,1,4,3,1,1
C4920,23,17,0,District - Sidhi  17,Urban,0-4,52,68,8,3,4,1,34,28,7,4
C4920,23,17,0,District - Sidhi  17,Urban,5-9,94,74,32,34,10,5,92,80,23,16
C4920,23,17,0,District - Sidhi  17,Urban,10-19,144,114,79,40,26,12,278,176,83,54
C4920,23,17,0,District - Sidhi  17,Urban,20-29,96,65,39,16,15,10,123,43,60,25
C4920,23,17,0,District - Sidhi  17,Urban,30-39,111,69,28,23,11,5,111,43,36,16
C4920,23,17,0,District - Sidhi  17,Urban,40-49,90,37,16,10,12,5,88,32,19,5
C4920,23,17,0,District - Sidhi  17,Urban,50-59,52,26,6,1,8,8,70,23,16,7
C4920,23,17,0,District - Sidhi  17,Urban,60-69,35,43,6,3,12,6,42,19,11,5
C4920,23,17,0,District - Sidhi  17,Urban,70-79,28,24,4,3,17,3,26,16,1,0
C4920,23,17,0,District - Sidhi  17,Urban,80-89,7,6,0,1,4,0,11,11,0,0
C4920,23,17,0,District - Sidhi  17,Urban,90+,2,2,0,0,1,1,5,7,0,0
C4920,23,17,0,District - Sidhi  17,Urban,Age not stated,3,1,0,0,0,0,0,1,0,0
C4920,23,18,0,District - Neemuch *  18,Rural,0-4,455,352,14,6,11,5,95,45,21,14
C4920,23,18,0,District - Neemuch *  18,Rural,5-9,448,403,68,45,31,23,189,109,79,43
C4920,23,18,0,District - Neemuch *  18,Rural,10-19,914,764,97,64,75,45,753,522,188,106
C4920,23,18,0,District - Neemuch *  18,Rural,20-29,810,669,66,29,37,21,613,366,142,63
C4920,23,18,0,District - Neemuch *  18,Rural,30-39,820,534,46,27,39,31,426,244,132,70
C4920,23,18,0,District - Neemuch *  18,Rural,40-49,666,441,27,27,44,29,314,158,92,53
C4920,23,18,0,District - Neemuch *  18,Rural,50-59,478,371,27,11,43,32,282,167,52,35
C4920,23,18,0,District - Neemuch *  18,Rural,60-69,420,391,21,12,66,59,248,189,32,27
C4920,23,18,0,District - Neemuch *  18,Rural,70-79,241,251,8,7,47,58,161,146,8,12
C4920,23,18,0,District - Neemuch *  18,Rural,80-89,70,76,5,0,25,23,53,61,4,4
C4920,23,18,0,District - Neemuch *  18,Rural,90+,26,40,1,1,5,8,11,18,1,0
C4920,23,18,0,District - Neemuch *  18,Rural,Age not stated,7,4,0,0,2,0,5,1,1,0
C4920,23,18,0,District - Neemuch *  18,Urban,0-4,71,63,3,1,2,2,28,20,5,2
C4920,23,18,0,District - Neemuch *  18,Urban,5-9,91,67,22,16,8,4,63,40,21,15
C4920,23,18,0,District - Neemuch *  18,Urban,10-19,178,128,27,34,19,7,224,154,67,41
C4920,23,18,0,District - Neemuch *  18,Urban,20-29,143,128,23,16,10,3,213,137,63,31
C4920,23,18,0,District - Neemuch *  18,Urban,30-39,142,103,21,8,9,7,152,73,50,27
C4920,23,18,0,District - Neemuch *  18,Urban,40-49,121,86,6,8,16,9,112,46,32,14
C4920,23,18,0,District - Neemuch *  18,Urban,50-59,83,66,11,7,7,7,81,48,14,20
C4920,23,18,0,District - Neemuch *  18,Urban,60-69,83,83,6,7,18,21,104,75,11,10
C4920,23,18,0,District - Neemuch *  18,Urban,70-79,56,70,1,4,28,28,70,63,7,4
C4920,23,18,0,District - Neemuch *  18,Urban,80-89,13,18,1,1,13,14,35,30,2,3
C4920,23,18,0,District - Neemuch *  18,Urban,90+,5,10,0,0,3,13,4,15,0,2
C4920,23,18,0,District - Neemuch *  18,Urban,Age not stated,1,1,0,0,0,0,2,0,0,0
C4920,23,19,0,District - Mandsaur  19,Rural,0-4,585,556,9,16,12,10,164,117,29,21
C4920,23,19,0,District - Mandsaur  19,Rural,5-9,623,569,119,77,75,46,344,271,82,65
C4920,23,19,0,District - Mandsaur  19,Rural,10-19,1122,996,219,142,166,99,1400,900,290,165
C4920,23,19,0,District - Mandsaur  19,Rural,20-29,991,847,103,53,115,44,1159,664,216,152
C4920,23,19,0,District - Mandsaur  19,Rural,30-39,935,663,68,46,90,53,721,436,231,136
C4920,23,19,0,District - Mandsaur  19,Rural,40-49,779,507,58,38,83,45,630,312,144,113
C4920,23,19,0,District - Mandsaur  19,Rural,50-59,629,450,37,26,109,71,453,300,87,72
C4920,23,19,0,District - Mandsaur  19,Rural,60-69,623,656,22,22,178,134,473,374,57,70
C4920,23,19,0,District - Mandsaur  19,Rural,70-79,383,482,17,21,115,100,317,274,19,22
C4920,23,19,0,District - Mandsaur  19,Rural,80-89,125,165,5,3,54,46,103,122,5,4
C4920,23,19,0,District - Mandsaur  19,Rural,90+,53,78,1,1,17,29,37,45,3,5
C4920,23,19,0,District - Mandsaur  19,Rural,Age not stated,21,12,2,1,4,1,6,5,0,0
C4920,23,19,0,District - Mandsaur  19,Urban,0-4,80,87,1,1,4,1,23,23,3,2
C4920,23,19,0,District - Mandsaur  19,Urban,5-9,90,87,24,16,8,3,74,32,23,10
C4920,23,19,0,District - Mandsaur  19,Urban,10-19,190,171,37,23,19,5,229,176,58,46
C4920,23,19,0,District - Mandsaur  19,Urban,20-29,187,140,31,17,10,5,200,133,62,37
C4920,23,19,0,District - Mandsaur  19,Urban,30-39,191,103,17,16,13,6,110,68,79,38
C4920,23,19,0,District - Mandsaur  19,Urban,40-49,153,91,17,9,6,7,111,45,53,16
C4920,23,19,0,District - Mandsaur  19,Urban,50-59,111,79,9,3,20,11,88,58,23,14
C4920,23,19,0,District - Mandsaur  19,Urban,60-69,79,90,5,5,21,10,83,42,13,10
C4920,23,19,0,District - Mandsaur  19,Urban,70-79,56,50,1,2,11,13,44,48,5,8
C4920,23,19,0,District - Mandsaur  19,Urban,80-89,29,28,2,1,19,16,22,22,0,3
C4920,23,19,0,District - Mandsaur  19,Urban,90+,7,15,0,0,2,3,11,8,0,1
C4920,23,19,0,District - Mandsaur  19,Urban,Age not stated,4,0,0,0,0,0,2,1,0,1
C4920,23,20,0,District - Ratlam  20,Rural,0-4,408,397,15,10,12,10,169,117,15,22
C4920,23,20,0,District - Ratlam  20,Rural,5-9,503,422,79,57,72,64,376,293,70,42
C4920,23,20,0,District - Ratlam  20,Rural,10-19,777,660,140,73,140,94,1246,793,212,133
C4920,23,20,0,District - Ratlam  20,Rural,20-29,598,540,68,44,54,37,760,422,142,109
C4920,23,20,0,District - Ratlam  20,Rural,30-39,702,437,40,42,62,55,585,321,181,102
C4920,23,20,0,District - Ratlam  20,Rural,40-49,552,374,29,29,102,68,464,263,117,83
C4920,23,20,0,District - Ratlam  20,Rural,50-59,418,304,19,23,97,65,321,226,50,50
C4920,23,20,0,District - Ratlam  20,Rural,60-69,441,512,18,17,144,160,314,249,36,30
C4920,23,20,0,District - Ratlam  20,Rural,70-79,278,410,19,14,95,98,176,163,15,20
C4920,23,20,0,District - Ratlam  20,Rural,80-89,103,167,4,6,48,59,64,89,2,8
C4920,23,20,0,District - Ratlam  20,Rural,90+,43,71,1,3,12,11,21,43,2,5
C4920,23,20,0,District - Ratlam  20,Rural,Age not stated,9,9,0,2,1,2,5,1,0,0
C4920,23,20,0,District - Ratlam  20,Urban,0-4,126,124,8,4,2,3,34,24,10,9
C4920,23,20,0,District - Ratlam  20,Urban,5-9,173,134,31,19,12,8,92,67,33,30
C4920,23,20,0,District - Ratlam  20,Urban,10-19,316,281,51,53,21,16,362,226,123,93
C4920,23,20,0,District - Ratlam  20,Urban,20-29,298,220,39,27,12,9,254,146,123,84
C4920,23,20,0,District - Ratlam  20,Urban,30-39,312,212,40,21,14,10,225,128,112,52
C4920,23,20,0,District - Ratlam  20,Urban,40-49,260,158,27,13,23,11,203,100,88,31
C4920,23,20,0,District - Ratlam  20,Urban,50-59,200,150,19,6,20,16,142,82,29,23
C4920,23,20,0,District - Ratlam  20,Urban,60-69,150,180,20,11,33,34,138,101,13,9
C4920,23,20,0,District - Ratlam  20,Urban,70-79,95,127,9,5,43,25,85,64,9,6
C4920,23,20,0,District - Ratlam  20,Urban,80-89,36,45,2,3,11,17,24,32,1,4
C4920,23,20,0,District - Ratlam  20,Urban,90+,6,16,1,0,6,6,11,18,1,2
C4920,23,20,0,District - Ratlam  20,Urban,Age not stated,4,6,0,1,1,0,4,3,0,0
C4920,23,21,0,District - Ujjain  21,Rural,0-4,613,572,14,11,11,15,128,88,38,22
C4920,23,21,0,District - Ujjain  21,Rural,5-9,650,567,107,75,52,39,345,228,96,66
C4920,23,21,0,District - Ujjain  21,Rural,10-19,1220,1024,192,95,158,95,1213,700,263,149
C4920,23,21,0,District - Ujjain  21,Rural,20-29,1029,753,88,44,94,50,921,435,205,144
C4920,23,21,0,District - Ujjain  21,Rural,30-39,1222,751,94,44,71,57,662,368,199,103
C4920,23,21,0,District - Ujjain  21,Rural,40-49,1097,523,50,40,72,60,535,231,161,95
C4920,23,21,0,District - Ujjain  21,Rural,50-59,774,471,30,20,97,81,392,212,58,78
C4920,23,21,0,District - Ujjain  21,Rural,60-69,679,597,37,32,122,127,412,251,38,60
C4920,23,21,0,District - Ujjain  21,Rural,70-79,459,567,10,20,97,135,254,221,21,28
C4920,23,21,0,District - Ujjain  21,Rural,80-89,196,244,5,10,61,71,90,96,0,9
C4920,23,21,0,District - Ujjain  21,Rural,90+,51,91,2,1,24,29,36,51,3,2
C4920,23,21,0,District - Ujjain  21,Rural,Age not stated,93,86,2,7,6,14,35,22,7,2
C4920,23,21,0,District - Ujjain  21,Urban,0-4,188,135,11,5,4,4,64,36,23,21
C4920,23,21,0,District - Ujjain  21,Urban,5-9,240,203,47,58,9,13,134,101,86,43
C4920,23,21,0,District - Ujjain  21,Urban,10-19,472,401,96,100,31,38,517,322,211,158
C4920,23,21,0,District - Ujjain  21,Urban,20-29,387,335,54,38,38,19,449,241,201,126
C4920,23,21,0,District - Ujjain  21,Urban,30-39,329,319,53,49,21,22,333,177,172,90
C4920,23,21,0,District - Ujjain  21,Urban,40-49,314,229,42,22,19,16,261,121,122,81
C4920,23,21,0,District - Ujjain  21,Urban,50-59,201,174,29,18,23,18,192,109,62,45
C4920,23,21,0,District - Ujjain  21,Urban,60-69,181,212,19,16,37,31,184,145,40,32
C4920,23,21,0,District - Ujjain  21,Urban,70-79,120,140,7,10,53,41,126,82,20,17
C4920,23,21,0,District - Ujjain  21,Urban,80-89,44,49,2,6,39,23,48,38,5,6
C4920,23,21,0,District - Ujjain  21,Urban,90+,20,28,2,1,16,16,16,24,3,3
C4920,23,21,0,District - Ujjain  21,Urban,Age not stated,35,37,9,8,5,2,22,11,18,5
C4920,23,22,0,District - Shajapur  22,Rural,0-4,699,646,23,7,11,16,195,112,33,15
C4920,23,22,0,District - Shajapur  22,Rural,5-9,784,707,124,84,82,68,406,317,103,72
C4920,23,22,0,District - Shajapur  22,Rural,10-19,1308,1015,192,96,219,106,1500,835,292,154
C4920,23,22,0,District - Shajapur  22,Rural,20-29,1135,856,98,46,115,39,1215,587,228,123
C4920,23,22,0,District - Shajapur  22,Rural,30-39,1162,882,56,36,111,49,795,432,218,132
C4920,23,22,0,District - Shajapur  22,Rural,40-49,1102,686,48,23,108,77,602,300,141,99
C4920,23,22,0,District - Shajapur  22,Rural,50-59,814,636,32,24,136,93,483,315,67,71
C4920,23,22,0,District - Shajapur  22,Rural,60-69,905,861,25,19,212,179,532,369,64,66
C4920,23,22,0,District - Shajapur  22,Rural,70-79,662,759,19,10,179,151,352,303,31,45
C4920,23,22,0,District - Shajapur  22,Rural,80-89,318,358,4,10,104,84,153,145,10,12
C4920,23,22,0,District - Shajapur  22,Rural,90+,91,143,5,2,31,32,51,53,4,2
C4920,23,22,0,District - Shajapur  22,Rural,Age not stated,15,6,2,0,1,1,3,3,0,2
C4920,23,22,0,District - Shajapur  22,Urban,0-4,109,121,2,3,3,0,24,16,8,4
C4920,23,22,0,District - Shajapur  22,Urban,5-9,133,121,27,18,6,9,82,47,19,12
C4920,23,22,0,District - Shajapur  22,Urban,10-19,255,242,40,30,27,8,254,160,85,56
C4920,23,22,0,District - Shajapur  22,Urban,20-29,196,242,33,15,17,8,215,119,67,46
C4920,23,22,0,District - Shajapur  22,Urban,30-39,226,201,9,12,11,8,145,87,50,41
C4920,23,22,0,District - Shajapur  22,Urban,40-49,163,146,12,7,14,7,103,51,40,20
C4920,23,22,0,District - Shajapur  22,Urban,50-59,122,116,4,5,13,14,105,34,18,10
C4920,23,22,0,District - Shajapur  22,Urban,60-69,140,168,9,9,26,29,89,74,4,10
C4920,23,22,0,District - Shajapur  22,Urban,70-79,73,119,5,6,22,29,65,48,7,6
C4920,23,22,0,District - Shajapur  22,Urban,80-89,28,51,0,1,16,9,37,27,1,1
C4920,23,22,0,District - Shajapur  22,Urban,90+,8,20,0,0,7,8,7,16,0,0
C4920,23,22,0,District - Shajapur  22,Urban,Age not stated,0,4,0,1,0,0,2,2,0,0
C4920,23,23,0,District - Dewas  23,Rural,0-4,522,511,15,13,10,13,151,111,21,19
C4920,23,23,0,District - Dewas  23,Rural,5-9,639,593,134,79,62,41,434,288,67,48
C4920,23,23,0,District - Dewas  23,Rural,10-19,1178,927,209,116,153,64,1418,797,262,143
C4920,23,23,0,District - Dewas  23,Rural,20-29,925,934,108,57,76,32,1051,491,215,102
C4920,23,23,0,District - Dewas  23,Rural,30-39,1036,889,95,48,86,53,697,380,204,103
C4920,23,23,0,District - Dewas  23,Rural,40-49,880,646,79,34,78,41,571,238,119,90
C4920,23,23,0,District - Dewas  23,Rural,50-59,583,518,44,22,96,65,375,230,61,61
C4920,23,23,0,District - Dewas  23,Rural,60-69,667,683,30,27,129,134,376,290,52,42
C4920,23,23,0,District - Dewas  23,Rural,70-79,505,595,31,16,107,152,261,208,27,24
C4920,23,23,0,District - Dewas  23,Rural,80-89,208,328,9,7,61,48,106,118,5,9
C4920,23,23,0,District - Dewas  23,Rural,90+,64,120,5,2,20,34,37,48,3,6
C4920,23,23,0,District - Dewas  23,Rural,Age not stated,74,50,2,4,2,5,16,11,6,3
C4920,23,23,0,District - Dewas  23,Urban,0-4,174,149,7,7,2,3,39,37,17,11
C4920,23,23,0,District - Dewas  23,Urban,5-9,235,220,33,22,7,12,95,90,32,36
C4920,23,23,0,District - Dewas  23,Urban,10-19,461,381,86,42,27,20,431,259,104,95
C4920,23,23,0,District - Dewas  23,Urban,20-29,395,337,41,27,15,10,355,176,98,51
C4920,23,23,0,District - Dewas  23,Urban,30-39,456,359,33,24,17,21,236,123,105,43
C4920,23,23,0,District - Dewas  23,Urban,40-49,393,228,16,11,16,16,177,80,69,28
C4920,23,23,0,District - Dewas  23,Urban,50-59,223,152,12,12,19,12,124,48,31,17
C4920,23,23,0,District - Dewas  23,Urban,60-69,154,164,14,4,27,21,124,77,19,16
C4920,23,23,0,District - Dewas  23,Urban,70-79,87,102,7,0,25,22,73,58,2,10
C4920,23,23,0,District - Dewas  23,Urban,80-89,40,58,1,2,17,11,39,36,2,6
C4920,23,23,0,District - Dewas  23,Urban,90+,13,22,0,1,2,6,6,14,0,2
C4920,23,23,0,District - Dewas  23,Urban,Age not stated,28,19,1,2,1,1,3,5,2,0
C4920,23,24,0,District - Jhabua  24,Rural,0-4,344,351,25,11,26,16,262,216,22,25
C4920,23,24,0,District - Jhabua  24,Rural,5-9,454,360,105,104,82,69,700,544,71,45
C4920,23,24,0,District - Jhabua  24,Rural,10-19,653,521,184,126,138,92,1827,1275,153,138
C4920,23,24,0,District - Jhabua  24,Rural,20-29,387,323,68,72,69,33,641,395,163,109
C4920,23,24,0,District - Jhabua  24,Rural,30-39,399,265,59,54,51,45,486,289,147,102
C4920,23,24,0,District - Jhabua  24,Rural,40-49,402,255,42,39,84,63,420,253,105,76
C4920,23,24,0,District - Jhabua  24,Rural,50-59,310,288,24,26,78,103,354,189,49,31
C4920,23,24,0,District - Jhabua  24,Rural,60-69,341,357,21,21,133,156,316,255,32,21
C4920,23,24,0,District - Jhabua  24,Rural,70-79,190,234,13,6,66,95,135,168,7,13
C4920,23,24,0,District - Jhabua  24,Rural,80-89,67,106,2,3,34,37,47,66,5,1
C4920,23,24,0,District - Jhabua  24,Rural,90+,35,27,0,1,8,17,10,18,2,2
C4920,23,24,0,District - Jhabua  24,Rural,Age not stated,2,5,0,0,1,2,5,3,1,1
C4920,23,24,0,District - Jhabua  24,Urban,0-4,6,8,2,1,1,0,15,9,1,2
C4920,23,24,0,District - Jhabua  24,Urban,5-9,11,16,9,3,4,4,42,28,10,6
C4920,23,24,0,District - Jhabua  24,Urban,10-19,29,23,23,10,9,9,194,124,28,23
C4920,23,24,0,District - Jhabua  24,Urban,20-29,26,13,15,7,10,1,122,77,38,26
C4920,23,24,0,District - Jhabua  24,Urban,30-39,21,22,9,8,5,4,71,40,34,24
C4920,23,24,0,District - Jhabua  24,Urban,40-49,22,17,8,6,5,2,54,22,28,15
C4920,23,24,0,District - Jhabua  24,Urban,50-59,26,9,1,1,6,6,40,22,9,5
C4920,23,24,0,District - Jhabua  24,Urban,60-69,26,15,0,0,4,9,34,22,9,8
C4920,23,24,0,District - Jhabua  24,Urban,70-79,7,19,0,1,9,8,19,22,2,3
C4920,23,24,0,District - Jhabua  24,Urban,80-89,3,6,0,0,4,3,13,10,0,2
C4920,23,24,0,District - Jhabua  24,Urban,90+,1,3,0,0,1,1,2,3,0,0
C4920,23,24,0,District - Jhabua  24,Urban,Age not stated,0,0,0,0,0,0,0,0,0,0
C4920,23,25,0,District - Dhar  25,Rural,0-4,535,484,19,15,21,23,198,167,29,21
C4920,23,25,0,District - Dhar  25,Rural,5-9,631,542,127,118,90,66,631,466,98,78
C4920,23,25,0,District - Dhar  25,Rural,10-19,1010,789,207,150,149,102,1791,1228,274,178
C4920,23,25,0,District - Dhar  25,Rural,20-29,818,637,116,73,81,34,1085,559,241,147
C4920,23,25,0,District - Dhar  25,Rural,30-39,832,617,90,74,89,72,640,357,241,132
C4920,23,25,0,District - Dhar  25,Rural,40-49,670,489,77,44,80,69,526,267,146,89
C4920,23,25,0,District - Dhar  25,Rural,50-59,546,417,52,38,123,106,402,242,72,54
C4920,23,25,0,District - Dhar  25,Rural,60-69,549,586,38,40,185,235,388,373,47,57
C4920,23,25,0,District - Dhar  25,Rural,70-79,349,459,17,16,156,166,260,296,19,18
C4920,23,25,0,District - Dhar  25,Rural,80-89,136,202,5,3,63,57,106,119,7,9
C4920,23,25,0,District - Dhar  25,Rural,90+,54,59,3,1,19,12,21,52,4,8
C4920,23,25,0,District - Dhar  25,Rural,Age not stated,18,18,2,2,2,1,15,8,3,0
C4920,23,25,0,District - Dhar  25,Urban,0-4,62,52,3,5,5,7,29,27,7,7
C4920,23,25,0,District - Dhar  25,Urban,5-9,76,65,29,11,13,8,74,64,29,16
C4920,23,25,0,District - Dhar  25,Urban,10-19,141,114,42,24,16,9,282,185,82,38
C4920,23,25,0,District - Dhar  25,Urban,20-29,108,84,23,21,10,11,244,146,74,32
C4920,23,25,0,District - Dhar  25,Urban,30-39,110,87,23,13,8,7,151,63,54,31
C4920,23,25,0,District - Dhar  25,Urban,40-49,100,48,14,8,7,11,124,48,41,18
C4920,23,25,0,District - Dhar  25,Urban,50-59,47,49,15,2,13,8,86,41,12,12
C4920,23,25,0,District - Dhar  25,Urban,60-69,62,62,5,3,15,21,70,37,8,9
C4920,23,25,0,District - Dhar  25,Urban,70-79,43,37,3,4,12,18,39,33,5,4
C4920,23,25,0,District - Dhar  25,Urban,80-89,10,18,0,3,15,8,15,11,0,1
C4920,23,25,0,District - Dhar  25,Urban,90+,4,11,0,0,0,4,3,7,0,1
C4920,23,25,0,District - Dhar  25,Urban,Age not stated,0,2,0,0,0,0,3,0,0,0
C4920,23,26,0,District - Indore  26,Rural,0-4,253,218,9,9,8,7,122,78,20,12
C4920,23,26,0,District - Indore  26,Rural,5-9,290,258,97,57,35,25,270,187,51,57
C4920,23,26,0,District - Indore  26,Rural,10-19,545,384,136,80,85,65,801,458,202,138
C4920,23,26,0,District - Indore  26,Rural,20-29,470,412,77,52,56,30,683,327,150,91
C4920,23,26,0,District - Indore  26,Rural,30-39,554,380,74,36,55,26,541,268,138,90
C4920,23,26,0,District - Indore  26,Rural,40-49,451,321,37,22,48,28,433,172,114,73
C4920,23,26,0,District - Indore  26,Rural,50-59,357,276,29,23,51,39,342,149,56,37
C4920,23,26,0,District - Indore  26,Rural,60-69,325,362,20,16,65,72,269,189,24,28
C4920,23,26,0,District - Indore  26,Rural,70-79,208,299,9,5,55,79,139,135,14,18
C4920,23,26,0,District - Indore  26,Rural,80-89,110,144,3,9,31,35,82,65,6,6
C4920,23,26,0,District - Indore  26,Rural,90+,31,72,0,2,13,18,22,36,0,2
C4920,23,26,0,District - Indore  26,Rural,Age not stated,12,15,1,1,2,0,7,5,4,1
C4920,23,26,0,District - Indore  26,Urban,0-4,523,517,26,21,12,18,156,129,81,68
C4920,23,26,0,District - Indore  26,Urban,5-9,660,535,177,146,32,40,344,202,195,142
C4920,23,26,0,District - Indore  26,Urban,10-19,1569,1200,324,271,103,67,980,648,564,410
C4920,23,26,0,District - Indore  26,Urban,20-29,1558,1488,254,177,70,55,1058,576,499,282
C4920,23,26,0,District - Indore  26,Urban,30-39,1528,1452,174,136,55,36,847,430,444,242
C4920,23,26,0,District - Indore  26,Urban,40-49,1350,1050,123,69,72,45,726,295,355,163
C4920,23,26,0,District - Indore  26,Urban,50-59,805,666,72,58,55,48,561,246,163,78
C4920,23,26,0,District - Indore  26,Urban,60-69,570,600,43,35,91,85,471,323,68,52
C4920,23,26,0,District - Indore  26,Urban,70-79,336,321,39,23,91,100,333,232,30,28
C4920,23,26,0,District - Indore  26,Urban,80-89,130,133,11,7,65,41,144,92,7,10
C4920,23,26,0,District - Indore  26,Urban,90+,35,61,4,2,18,18,24,47,3,9
C4920,23,26,0,District - Indore  26,Urban,Age not stated,40,45,7,10,3,2,9,7,6,5
C4920,23,27,0,District - West Nimar  27,Rural,0-4,515,483,13,25,20,13,178,139,17,19
C4920,23,27,0,District - West Nimar  27,Rural,5-9,564,496,120,85,48,56,541,409,78,57
C4920,23,27,0,District - West Nimar  27,Rural,10-19,934,764,226,162,126,101,1628,1086,248,152
C4920,23,27,0,District - West Nimar  27,Rural,20-29,681,581,122,80,71,39,1165,606,246,149
C4920,23,27,0,District - West Nimar  27,Rural,30-39,740,491,105,62,79,55,644,364,221,127
C4920,23,27,0,District - West Nimar  27,Rural,40-49,581,369,57,26,79,68,513,248,148,90
C4920,23,27,0,District - West Nimar  27,Rural,50-59,385,369,43,34,92,69,388,209,65,52
C4920,23,27,0,District - West Nimar  27,Rural,60-69,502,665,31,23,154,138,417,378,54,54
C4920,23,27,0,District - West Nimar  27,Rural,70-79,474,599,14,21,161,137,293,257,22,30
C4920,23,27,0,District - West Nimar  27,Rural,80-89,199,242,6,8,77,69,114,151,7,14
C4920,23,27,0,District - West Nimar  27,Rural,90+,50,109,2,0,17,36,49,71,0,10
C4920,23,27,0,District - West Nimar  27,Rural,Age not stated,7,9,1,0,1,0,3,3,2,2
C4920,23,27,0,District - West Nimar  27,Urban,0-4,39,27,1,3,1,0,26,20,2,1
C4920,23,27,0,District - West Nimar  27,Urban,5-9,49,37,28,17,3,4,71,54,20,14
C4920,23,27,0,District - West Nimar  27,Urban,10-19,102,80,53,28,15,14,273,169,61,57
C4920,23,27,0,District - West Nimar  27,Urban,20-29,77,64,23,19,11,4,173,87,64,30
C4920,23,27,0,District - West Nimar  27,Urban,30-39,88,54,20,12,8,8,104,73,60,25
C4920,23,27,0,District - West Nimar  27,Urban,40-49,78,51,11,10,6,8,91,42,34,15
C4920,23,27,0,District - West Nimar  27,Urban,50-59,55,46,3,3,11,9,79,37,21,12
C4920,23,27,0,District - West Nimar  27,Urban,60-69,52,73,6,3,10,15,72,41,5,11
C4920,23,27,0,District - West Nimar  27,Urban,70-79,36,67,8,0,17,15,42,39,6,4
C4920,23,27,0,District - West Nimar  27,Urban,80-89,18,20,1,0,10,11,19,22,0,1
C4920,23,27,0,District - West Nimar  27,Urban,90+,11,10,0,0,5,5,6,11,0,0
C4920,23,27,0,District - West Nimar  27,Urban,Age not stated,1,1,0,0,0,0,1,0,0,1
C4920,23,28,0,District - Barwani *  28,Rural,0-4,515,508,17,16,18,17,121,116,22,19
C4920,23,28,0,District - Barwani *  28,Rural,5-9,482,448,99,77,38,46,429,299,47,52
C4920,23,28,0,District - Barwani *  28,Rural,10-19,709,591,161,137,81,61,896,627,158,112
C4920,23,28,0,District - Barwani *  28,Rural,20-29,549,551,85,54,39,34,493,286,151,106
C4920,23,28,0,District - Barwani *  28,Rural,30-39,585,478,89,63,43,39,306,165,137,91
C4920,23,28,0,District - Barwani *  28,Rural,40-49,441,377,63,40,49,35,263,119,116,67
C4920,23,28,0,District - Barwani *  28,Rural,50-59,303,290,33,20,59,65,181,130,29,36
C4920,23,28,0,District - Barwani *  28,Rural,60-69,310,280,21,18,93,100,188,171,23,29
C4920,23,28,0,District - Barwani *  28,Rural,70-79,166,204,11,15,66,60,111,130,8,14
C4920,23,28,0,District - Barwani *  28,Rural,80-89,65,88,4,6,28,29,43,49,4,5
C4920,23,28,0,District - Barwani *  28,Rural,90+,18,29,1,2,2,6,12,18,0,2
C4920,23,28,0,District - Barwani *  28,Rural,Age not stated,68,61,7,15,3,5,34,21,8,4
C4920,23,28,0,District - Barwani *  28,Urban,0-4,65,63,0,2,1,0,18,15,2,4
C4920,23,28,0,District - Barwani *  28,Urban,5-9,69,68,10,6,6,2,32,25,18,9
C4920,23,28,0,District - Barwani *  28,Urban,10-19,154,114,29,14,6,7,118,74,39,31
C4920,23,28,0,District - Barwani *  28,Urban,20-29,117,129,21,20,4,5,108,49,46,35
C4920,23,28,0,District - Barwani *  28,Urban,30-39,126,110,12,12,3,3,66,44,37,24
C4920,23,28,0,District - Barwani *  28,Urban,40-49,97,96,7,6,10,6,65,24,31,17
C4920,23,28,0,District - Barwani *  28,Urban,50-59,55,71,7,1,9,17,52,20,11,10
C4920,23,28,0,District - Barwani *  28,Urban,60-69,65,68,6,6,20,15,43,47,3,6
C4920,23,28,0,District - Barwani *  28,Urban,70-79,36,50,5,2,15,18,25,39,2,2
C4920,23,28,0,District - Barwani *  28,Urban,80-89,23,27,2,0,8,14,15,24,0,2
C4920,23,28,0,District - Barwani *  28,Urban,90+,5,8,1,2,0,6,3,8,0,1
C4920,23,28,0,District - Barwani *  28,Urban,Age not stated,8,14,0,1,1,3,3,3,1,0
C4920,23,29,0,District - East Nimar  29,Rural,0-4,526,502,21,16,15,13,203,119,27,27
C4920,23,29,0,District - East Nimar  29,Rural,5-9,607,545,153,114,48,51,452,300,89,59
C4920,23,29,0,District - East Nimar  29,Rural,10-19,1132,822,251,172,157,75,1459,869,259,153
C4920,23,29,0,District - East Nimar  29,Rural,20-29,776,648,130,106,68,39,776,405,222,146
C4920,23,29,0,District - East Nimar  29,Rural,30-39,890,681,93,67,89,69,540,301,218,138
C4920,23,29,0,District - East Nimar  29,Rural,40-49,763,556,81,42,77,64,525,225,160,88
C4920,23,29,0,District - East Nimar  29,Rural,50-59,578,480,42,41,93,87,381,198,84,63
C4920,23,29,0,District - East Nimar  29,Rural,60-69,659,782,35,37,220,176,408,283,41,43
C4920,23,29,0,District - East Nimar  29,Rural,70-79,503,669,20,18,171,159,259,231,25,23
C4920,23,29,0,District - East Nimar  29,Rural,80-89,220,270,3,7,87,63,102,100,2,9
C4920,23,29,0,District - East Nimar  29,Rural,90+,49,69,0,4,20,19,31,44,4,7
C4920,23,29,0,District - East Nimar  29,Rural,Age not stated,9,7,0,0,1,3,4,3,3,1
C4920,23,29,0,District - East Nimar  29,Urban,0-4,176,178,9,4,5,5,76,44,19,16
C4920,23,29,0,District - East Nimar  29,Urban,5-9,249,239,56,40,9,10,156,95,43,33
C4920,23,29,0,District - East Nimar  29,Urban,10-19,506,380,93,77,42,27,565,315,162,105
C4920,23,29,0,District - East Nimar  29,Urban,20-29,401,340,55,54,20,10,332,163,136,80
C4920,23,29,0,District - East Nimar  29,Urban,30-39,413,323,45,40,21,14,207,117,106,45
C4920,23,29,0,District - East Nimar  29,Urban,40-49,393,228,40,17,26,29,203,79,87,54
C4920,23,29,0,District - East Nimar  29,Urban,50-59,280,184,21,17,22,17,166,78,38,16
C4920,23,29,0,District - East Nimar  29,Urban,60-69,211,216,15,10,36,42,192,138,10,23
C4920,23,29,0,District - East Nimar  29,Urban,70-79,135,146,8,7,56,40,109,89,8,16
C4920,23,29,0,District - East Nimar  29,Urban,80-89,51,68,2,0,21,22,30,41,3,2
C4920,23,29,0,District - East Nimar  29,Urban,90+,12,21,0,0,5,6,7,25,1,1
C4920,23,29,0,District - East Nimar  29,Urban,Age not stated,6,4,0,1,1,0,1,0,1,2
C4920,23,30,0,District - Rajgarh  30,Rural,0-4,561,506,25,9,29,23,195,132,17,28
C4920,23,30,0,District - Rajgarh  30,Rural,5-9,639,536,168,87,106,92,506,362,81,58
C4920,23,30,0,District - Rajgarh  30,Rural,10-19,1154,814,213,117,253,144,1592,899,248,137
C4920,23,30,0,District - Rajgarh  30,Rural,20-29,887,728,96,51,126,55,1062,519,204,126
C4920,23,30,0,District - Rajgarh  30,Rural,30-39,1042,699,81,54,120,60,730,465,239,131
C4920,23,30,0,District - Rajgarh  30,Rural,40-49,976,593,64,42,120,76,629,373,142,107
C4920,23,30,0,District - Rajgarh  30,Rural,50-59,752,578,29,28,159,100,516,370,98,78
C4920,23,30,0,District - Rajgarh  30,Rural,60-69,990,948,49,33,244,187,716,569,62,75
C4920,23,30,0,District - Rajgarh  30,Rural,70-79,684,810,18,12,206,169,434,387,27,32
C4920,23,30,0,District - Rajgarh  30,Rural,80-89,313,327,9,5,99,70,190,189,9,11
C4920,23,30,0,District - Rajgarh  30,Rural,90+,109,118,3,0,32,27,56,76,3,3
C4920,23,30,0,District - Rajgarh  30,Rural,Age not stated,30,24,0,1,6,3,15,11,4,2
C4920,23,30,0,District - Rajgarh  30,Urban,0-4,113,112,4,3,2,2,30,13,6,3
C4920,23,30,0,District - Rajgarh  30,Urban,5-9,122,120,33,16,5,5,74,48,29,12
C4920,23,30,0,District - Rajgarh  30,Urban,10-19,272,198,37,30,23,20,292,149,63,46
C4920,23,30,0,District - Rajgarh  30,Urban,20-29,194,161,23,14,18,7,164,79,67,36
C4920,23,30,0,District - Rajgarh  30,Urban,30-39,224,156,16,10,3,6,163,54,53,31
C4920,23,30,0,District - Rajgarh  30,Urban,40-49,210,120,14,7,13,17,130,46,25,17
C4920,23,30,0,District - Rajgarh  30,Urban,50-59,147,79,9,4,16,9,89,50,21,16
C4920,23,30,0,District - Rajgarh  30,Urban,60-69,122,128,3,6,23,19,91,54,12,4
C4920,23,30,0,District - Rajgarh  30,Urban,70-79,79,80,1,2,22,20,56,44,3,1
C4920,23,30,0,District - Rajgarh  30,Urban,80-89,33,42,1,1,6,10,21,25,0,2
C4920,23,30,0,District - Rajgarh  30,Urban,90+,9,16,0,0,5,4,7,9,1,0
C4920,23,30,0,District - Rajgarh  30,Urban,Age not stated,2,0,0,0,1,0,0,0,0,1
C4920,23,31,0,District - Vidisha  31,Rural,0-4,367,350,33,19,25,9,229,145,20,19
C4920,23,31,0,District - Vidisha  31,Rural,5-9,499,407,175,104,93,63,544,340,93,59
C4920,23,31,0,District - Vidisha  31,Rural,10-19,882,619,254,143,219,116,1633,688,242,130
C4920,23,31,0,District - Vidisha  31,Rural,20-29,715,487,116,60,117,41,1102,431,219,113
C4920,23,31,0,District - Vidisha  31,Rural,30-39,780,453,96,50,108,63,782,365,216,107
C4920,23,31,0,District - Vidisha  31,Rural,40-49,739,388,47,35,111,75,639,238,122,104
C4920,23,31,0,District - Vidisha  31,Rural,50-59,530,450,38,28,127,86,455,282,72,64
C4920,23,31,0,District - Vidisha  31,Rural,60-69,780,836,35,19,207,176,671,405,47,63
C4920,23,31,0,District - Vidisha  31,Rural,70-79,540,568,20,13,140,92,372,233,19,13
C4920,23,31,0,District - Vidisha  31,Rural,80-89,179,200,5,7,74,42,117,107,10,4
C4920,23,31,0,District - Vidisha  31,Rural,90+,57,94,3,0,25,15,44,48,3,2
C4920,23,31,0,District - Vidisha  31,Rural,Age not stated,54,35,8,5,7,1,26,14,4,2
C4920,23,31,0,District - Vidisha  31,Urban,0-4,86,85,0,0,6,2,43,31,8,5
C4920,23,31,0,District - Vidisha  31,Urban,5-9,105,106,32,19,13,5,99,57,25,15
C4920,23,31,0,District - Vidisha  31,Urban,10-19,257,195,60,34,41,16,317,177,66,42
C4920,23,31,0,District - Vidisha  31,Urban,20-29,225,182,27,14,20,8,264,103,84,33
C4920,23,31,0,District - Vidisha  31,Urban,30-39,211,155,21,14,23,7,221,106,56,31
C4920,23,31,0,District - Vidisha  31,Urban,40-49,166,102,20,8,14,7,188,57,45,21
C4920,23,31,0,District - Vidisha  31,Urban,50-59,130,98,6,7,15,10,131,65,17,15
C4920,23,31,0,District - Vidisha  31,Urban,60-69,100,108,6,5,20,13,145,84,18,9
C4920,23,31,0,District - Vidisha  31,Urban,70-79,57,70,1,2,24,17,79,63,4,4
C4920,23,31,0,District - Vidisha  31,Urban,80-89,25,25,2,1,5,5,21,18,0,2
C4920,23,31,0,District - Vidisha  31,Urban,90+,7,14,0,1,3,3,11,8,0,0
C4920,23,31,0,District - Vidisha  31,Urban,Age not stated,13,5,1,1,2,0,5,3,1,1
C4920,23,32,0,District - Bhopal  32,Rural,0-4,207,186,8,6,6,12,81,67,14,13
C4920,23,32,0,District - Bhopal  32,Rural,5-9,245,186,55,34,37,21,202,149,44,24
C4920,23,32,0,District - Bhopal  32,Rural,10-19,443,348,89,48,95,42,654,339,120,90
C4920,23,32,0,District - Bhopal  32,Rural,20-29,356,254,43,20,40,15,380,144,75,56
C4920,23,32,0,District - Bhopal  32,Rural,30-39,385,211,27,20,35,25,272,138,74,48
C4920,23,32,0,District - Bhopal  32,Rural,40-49,305,157,18,14,35,23,226,106,65,46
C4920,23,32,0,District - Bhopal  32,Rural,50-59,211,185,16,10,27,27,148,97,25,22
C4920,23,32,0,District - Bhopal  32,Rural,60-69,266,284,9,8,66,57,215,149,24,18
C4920,23,32,0,District - Bhopal  32,Rural,70-79,198,179,11,9,50,37,140,72,14,12
C4920,23,32,0,District - Bhopal  32,Rural,80-89,68,99,2,4,21,9,36,34,3,3
C4920,23,32,0,District - Bhopal  32,Rural,90+,45,47,0,1,15,12,14,15,2,2
C4920,23,32,0,District - Bhopal  32,Rural,Age not stated,5,3,1,0,2,0,3,2,2,0
C4920,23,32,0,District - Bhopal  32,Urban,0-4,860,750,26,25,12,16,257,160,90,65
C4920,23,32,0,District - Bhopal  32,Urban,5-9,1037,872,195,134,60,47,486,313,223,164
C4920,23,32,0,District - Bhopal  32,Urban,10-19,2258,1739,336,232,177,101,1549,900,657,533
C4920,23,32,0,District - Bhopal  32,Urban,20-29,2267,1951,234,132,114,68,1370,675,548,361
C4920,23,32,0,District - Bhopal  32,Urban,30-39,2360,1733,128,93,74,66,993,464,356,270
C4920,23,32,0,District - Bhopal  32,Urban,40-49,1770,1201,82,65,66,53,886,360,265,170
C4920,23,32,0,District - Bhopal  32,Urban,50-59,1061,777,66,33,66,59,640,356,131,111
C4920,23,32,0,District - Bhopal  32,Urban,60-69,799,703,49,35,87,92,602,327,94,90
C4920,23,32,0,District - Bhopal  32,Urban,70-79,347,369,24,9,83,86,327,249,41,36
C4920,23,32,0,District - Bhopal  32,Urban,80-89,128,121,7,10,26,42,105,93,11,12
C4920,23,32,0,District - Bhopal  32,Urban,90+,37,59,2,0,16,12,28,32,2,5
C4920,23,32,0,District - Bhopal  32,Urban,Age not stated,46,34,2,1,0,1,11,7,6,2
C4920,23,33,0,District - Sehore  33,Rural,0-4,528,455,20,7,19,16,199,157,30,17
C4920,23,33,0,District - Sehore  33,Rural,5-9,614,477,133,90,91,73,466,328,128,59
C4920,23,33,0,District - Sehore  33,Rural,10-19,1083,719,263,123,239,150,1528,830,315,156
C4920,23,33,0,District - Sehore  33,Rural,20-29,865,851,102,52,115,56,1105,471,218,133
C4920,23,33,0,District - Sehore  33,Rural,30-39,975,882,96,52,123,66,699,342,229,126
C4920,23,33,0,District - Sehore  33,Rural,40-49,858,697,52,32,118,66,479,257,175,83
C4920,23,33,0,District - Sehore  33,Rural,50-59,658,597,36,31,113,87,383,247,73,87
C4920,23,33,0,District - Sehore  33,Rural,60-69,775,894,34,33,179,175,493,402,70,81
C4920,23,33,0,District - Sehore  33,Rural,70-79,623,746,19,14,180,111,370,286,46,33
C4920,23,33,0,District - Sehore  33,Rural,80-89,327,380,8,7,104,61,149,160,17,14
C4920,23,33,0,District - Sehore  33,Rural,90+,117,143,2,6,36,33,59,65,6,5
C4920,23,33,0,District - Sehore  33,Rural,Age not stated,21,10,0,0,0,1,9,5,4,0
C4920,23,33,0,District - Sehore  33,Urban,0-4,89,61,4,3,3,1,27,29,10,6
C4920,23,33,0,District - Sehore  33,Urban,5-9,83,64,25,18,7,3,86,68,23,11
C4920,23,33,0,District - Sehore  33,Urban,10-19,179,157,51,23,21,22,285,191,87,42
C4920,23,33,0,District - Sehore  33,Urban,20-29,152,175,22,13,10,10,231,124,56,35
C4920,23,33,0,District - Sehore  33,Urban,30-39,146,190,8,6,6,15,157,71,52,26
C4920,23,33,0,District - Sehore  33,Urban,40-49,136,141,11,5,6,4,129,45,44,18
C4920,23,33,0,District - Sehore  33,Urban,50-59,88,97,6,7,13,11,83,47,15,12
C4920,23,33,0,District - Sehore  33,Urban,60-69,85,85,8,1,25,22,85,53,10,13
C4920,23,33,0,District - Sehore  33,Urban,70-79,59,60,1,1,15,21,56,34,5,2
C4920,23,33,0,District - Sehore  33,Urban,80-89,27,34,1,1,9,11,13,15,4,3
C4920,23,33,0,District - Sehore  33,Urban,90+,3,14,0,0,7,6,9,13,0,1
C4920,23,33,0,District - Sehore  33,Urban,Age not stated,5,2,1,0,0,1,2,3,0,0
C4920,23,34,0,District - Raisen  34,Rural,0-4,528,462,39,24,11,9,203,151,22,21
C4920,23,34,0,District - Raisen  34,Rural,5-9,633,513,163,91,58,60,427,249,87,48
C4920,23,34,0,District - Raisen  34,Rural,10-19,1240,857,274,135,194,119,1257,612,253,129
C4920,23,34,0,District - Raisen  34,Rural,20-29,913,654,151,74,93,44,688,263,226,124
C4920,23,34,0,District - Raisen  34,Rural,30-39,932,597,88,65,72,40,556,272,239,100
C4920,23,34,0,District - Raisen  34,Rural,40-49,864,513,57,32,85,63,477,237,166,86
C4920,23,34,0,District - Raisen  34,Rural,50-59,627,506,41,28,124,87,441,263,76,70
C4920,23,34,0,District - Raisen  34,Rural,60-69,735,843,43,34,225,207,719,461,57,63
C4920,23,34,0,District - Raisen  34,Rural,70-79,575,576,16,13,205,148,587,382,32,25
C4920,23,34,0,District - Raisen  34,Rural,80-89,233,243,6,8,85,63,211,138,5,6
C4920,23,34,0,District - Raisen  34,Rural,90+,83,77,4,2,28,14,83,69,4,1
C4920,23,34,0,District - Raisen  34,Rural,Age not stated,15,7,0,0,4,0,8,2,2,2
C4920,23,34,0,District - Raisen  34,Urban,0-4,49,48,3,2,1,2,42,27,7,5
C4920,23,34,0,District - Raisen  34,Urban,5-9,99,68,23,22,13,7,91,57,17,13
C4920,23,34,0,District - Raisen  34,Urban,10-19,193,132,61,33,26,27,258,133,75,47
C4920,23,34,0,District - Raisen  34,Urban,20-29,164,94,27,13,13,5,161,81,63,37
C4920,23,34,0,District - Raisen  34,Urban,30-39,194,104,13,6,12,9,123,52,43,21
C4920,23,34,0,District - Raisen  34,Urban,40-49,141,83,9,6,8,5,101,48,31,14
C4920,23,34,0,District - Raisen  34,Urban,50-59,83,57,9,6,11,11,71,29,18,16
C4920,23,34,0,District - Raisen  34,Urban,60-69,69,80,8,8,20,27,87,59,6,10
C4920,23,34,0,District - Raisen  34,Urban,70-79,45,68,3,3,18,26,65,43,14,2
C4920,23,34,0,District - Raisen  34,Urban,80-89,28,25,0,0,7,7,21,31,1,1
C4920,23,34,0,District - Raisen  34,Urban,90+,4,12,0,0,4,6,5,11,1,2
C4920,23,34,0,District - Raisen  34,Urban,Age not stated,0,1,0,0,0,0,0,1,0,1
C4920,23,35,0,District - Betul  35,Rural,0-4,365,367,29,18,26,22,176,154,34,39
C4920,23,35,0,District - Betul  35,Rural,5-9,463,427,144,105,64,51,369,216,132,96
C4920,23,35,0,District - Betul  35,Rural,10-19,1015,805,249,201,225,125,1308,777,325,288
C4920,23,35,0,District - Betul  35,Rural,20-29,644,487,135,86,118,54,850,377,279,182
C4920,23,35,0,District - Betul  35,Rural,30-39,660,417,121,90,98,62,767,339,259,144
C4920,23,35,0,District - Betul  35,Rural,40-49,665,390,79,55,95,80,615,287,161,120
C4920,23,35,0,District - Betul  35,Rural,50-59,539,392,46,37,106,105,507,297,85,65
C4920,23,35,0,District - Betul  35,Rural,60-69,700,722,55,45,219,202,613,512,77,65
C4920,23,35,0,District - Betul  35,Rural,70-79,499,490,21,17,181,163,404,349,32,40
C4920,23,35,0,District - Betul  35,Rural,80-89,206,165,9,5,49,54,142,129,8,8
C4920,23,35,0,District - Betul  35,Rural,90+,40,65,1,6,30,17,52,44,1,4
C4920,23,35,0,District - Betul  35,Rural,Age not stated,5,3,0,3,0,2,4,3,0,1
C4920,23,35,0,District - Betul  35,Urban,0-4,68,66,5,3,2,2,40,20,12,4
C4920,23,35,0,District - Betul  35,Urban,5-9,96,78,32,38,10,6,63,54,32,18
C4920,23,35,0,District - Betul  35,Urban,10-19,228,209,79,41,62,19,344,216,97,73
C4920,23,35,0,District - Betul  35,Urban,20-29,190,142,43,28,26,11,261,115,91,44
C4920,23,35,0,District - Betul  35,Urban,30-39,178,132,23,20,18,11,198,98,64,43
C4920,23,35,0,District - Betul  35,Urban,40-49,195,116,21,12,17,15,200,63,48,23
C4920,23,35,0,District - Betul  35,Urban,50-59,138,91,9,8,8,15,138,58,22,11
C4920,23,35,0,District - Betul  35,Urban,60-69,103,107,5,7,21,24,147,105,12,13
C4920,23,35,0,District - Betul  35,Urban,70-79,78,64,4,4,30,28,72,55,5,5
C4920,23,35,0,District - Betul  35,Urban,80-89,31,24,1,1,12,9,31,19,2,4
C4920,23,35,0,District - Betul  35,Urban,90+,5,6,0,0,0,4,8,11,0,0
C4920,23,35,0,District - Betul  35,Urban,Age not stated,0,1,1,0,1,0,4,1,0,0
C4920,23,36,0,District - Harda *  36,Rural,0-4,239,228,7,4,10,5,76,57,12,13
C4920,23,36,0,District - Harda *  36,Rural,5-9,260,233,50,32,34,14,138,109,35,23
C4920,23,36,0,District - Harda *  36,Rural,10-19,472,356,95,42,61,42,415,227,93,61
C4920,23,36,0,District - Harda *  36,Rural,20-29,345,299,51,24,27,9,230,116,57,44
C4920,23,36,0,District - Harda *  36,Rural,30-39,434,223,40,22,29,17,169,125,82,39
C4920,23,36,0,District - Harda *  36,Rural,40-49,360,196,29,15,38,24,169,66,50,38
C4920,23,36,0,District - Harda *  36,Rural,50-59,260,187,21,13,52,37,127,91,23,21
C4920,23,36,0,District - Harda *  36,Rural,60-69,282,274,13,13,77,76,150,108,13,11
C4920,23,36,0,District - Harda *  36,Rural,70-79,202,250,7,5,73,60,124,102,8,10
C4920,23,36,0,District - Harda *  36,Rural,80-89,86,79,2,0,35,32,48,62,1,2
C4920,23,36,0,District - Harda *  36,Rural,90+,16,28,2,3,7,6,19,11,1,1
C4920,23,36,0,District - Harda *  36,Rural,Age not stated,15,12,1,1,2,0,3,0,2,0
C4920,23,36,0,District - Harda *  36,Urban,0-4,58,50,1,2,0,0,13,10,1,3
C4920,23,36,0,District - Harda *  36,Urban,5-9,74,45,13,9,3,3,42,24,11,3
C4920,23,36,0,District - Harda *  36,Urban,10-19,120,100,28,18,10,5,114,81,38,21
C4920,23,36,0,District - Harda *  36,Urban,20-29,113,87,18,9,5,2,90,42,32,25
C4920,23,36,0,District - Harda *  36,Urban,30-39,120,63,9,6,7,4,59,19,21,20
C4920,23,36,0,District - Harda *  36,Urban,40-49,110,60,6,4,9,1,56,24,16,7
C4920,23,36,0,District - Harda *  36,Urban,50-59,80,47,5,3,5,9,59,17,16,6
C4920,23,36,0,District - Harda *  36,Urban,60-69,65,55,8,2,14,11,53,34,7,8
C4920,23,36,0,District - Harda *  36,Urban,70-79,42,32,2,1,10,6,35,28,3,2
C4920,23,36,0,District - Harda *  36,Urban,80-89,19,13,3,0,7,2,6,16,2,1
C4920,23,36,0,District - Harda *  36,Urban,90+,2,10,0,0,0,2,1,4,0,0
C4920,23,36,0,District - Harda *  36,Urban,Age not stated,0,2,0,0,0,0,2,0,1,0
C4920,23,37,0,District - Hoshangabad  37,Rural,0-4,383,366,20,12,14,11,199,114,20,12
C4920,23,37,0,District - Hoshangabad  37,Rural,5-9,465,397,125,87,41,37,370,226,71,45
C4920,23,37,0,District - Hoshangabad  37,Rural,10-19,984,686,225,134,161,74,1102,570,250,143
C4920,23,37,0,District - Hoshangabad  37,Rural,20-29,802,569,117,76,91,33,649,260,221,103
C4920,23,37,0,District - Hoshangabad  37,Rural,30-39,861,526,115,60,82,43,515,244,226,114
C4920,23,37,0,District - Hoshangabad  37,Rural,40-49,707,440,58,56,72,47,507,188,127,71
C4920,23,37,0,District - Hoshangabad  37,Rural,50-59,541,408,53,25,78,78,402,219,68,59
C4920,23,37,0,District - Hoshangabad  37,Rural,60-69,663,674,36,25,163,152,576,378,52,44
C4920,23,37,0,District - Hoshangabad  37,Rural,70-79,395,457,16,12,133,105,321,220,18,18
C4920,23,37,0,District - Hoshangabad  37,Rural,80-89,150,190,10,8,58,39,116,84,5,9
C4920,23,37,0,District - Hoshangabad  37,Rural,90+,34,59,2,3,18,17,34,44,2,4
C4920,23,37,0,District - Hoshangabad  37,Rural,Age not stated,27,20,2,0,5,0,18,5,1,1
C4920,23,37,0,District - Hoshangabad  37,Urban,0-4,112,118,4,3,3,1,56,37,11,9
C4920,23,37,0,District - Hoshangabad  37,Urban,5-9,153,150,39,26,9,9,91,85,28,23
C4920,23,37,0,District - Hoshangabad  37,Urban,10-19,430,315,73,52,23,17,412,251,104,73
C4920,23,37,0,District - Hoshangabad  37,Urban,20-29,329,255,45,34,24,8,378,139,111,71
C4920,23,37,0,District - Hoshangabad  37,Urban,30-39,329,255,41,30,19,7,242,115,114,58
C4920,23,37,0,District - Hoshangabad  37,Urban,40-49,313,166,27,12,13,14,214,69,60,39
C4920,23,37,0,District - Hoshangabad  37,Urban,50-59,210,119,25,7,19,20,175,75,42,27
C4920,23,37,0,District - Hoshangabad  37,Urban,60-69,158,188,15,14,25,37,183,111,16,18
C4920,23,37,0,District - Hoshangabad  37,Urban,70-79,105,118,7,5,40,30,118,103,7,8
C4920,23,37,0,District - Hoshangabad  37,Urban,80-89,43,47,2,0,20,14,39,44,3,1
C4920,23,37,0,District - Hoshangabad  37,Urban,90+,4,12,0,1,4,7,4,19,2,1
C4920,23,37,0,District - Hoshangabad  37,Urban,Age not stated,20,0,0,0,0,0,3,9,1,2
C4920,23,38,0,District - Katni *  38,Rural,0-4,372,342,15,17,19,12,219,181,17,14
C4920,23,38,0,District - Katni *  38,Rural,5-9,500,437,139,74,66,58,491,295,93,61
C4920,23,38,0,District - Katni *  38,Rural,10-19,946,682,214,114,200,89,1235,686,265,138
C4920,23,38,0,District - Katni *  38,Rural,20-29,642,529,115,61,107,56,693,323,237,118
C4920,23,38,0,District - Katni *  38,Rural,30-39,660,515,73,62,80,59,691,299,220,106
C4920,23,38,0,District - Katni *  38,Rural,40-49,645,441,47,40,98,76,614,303,114,59
C4920,23,38,0,District - Katni *  38,Rural,50-59,587,558,36,33,103,106,541,331,47,46
C4920,23,38,0,District - Katni *  38,Rural,60-69,690,817,18,33,139,158,548,513,34,37
C4920,23,38,0,District - Katni *  38,Rural,70-79,440,490,15,15,95,114,323,349,21,17
C4920,23,38,0,District - Katni *  38,Rural,80-89,131,132,6,1,41,43,85,113,6,4
C4920,23,38,0,District - Katni *  38,Rural,90+,39,42,0,1,6,9,26,27,1,3
C4920,23,38,0,District - Katni *  38,Rural,Age not stated,24,23,1,1,1,1,13,6,3,1
C4920,23,38,0,District - Katni *  38,Urban,0-4,45,55,3,4,0,1,49,27,2,6
C4920,23,38,0,District - Katni *  38,Urban,5-9,58,41,17,24,11,5,72,50,27,22
C4920,23,38,0,District - Katni *  38,Urban,10-19,108,105,55,50,21,13,229,128,100,64
C4920,23,38,0,District - Katni *  38,Urban,20-29,101,73,28,11,16,9,185,82,128,49
C4920,23,38,0,District - Katni *  38,Urban,30-39,75,55,22,16,11,4,147,54,88,44
C4920,23,38,0,District - Katni *  38,Urban,40-49,84,38,12,6,12,7,134,44,59,29
C4920,23,38,0,District - Katni *  38,Urban,50-59,57,29,4,5,13,7,94,50,18,18
C4920,23,38,0,District - Katni *  38,Urban,60-69,46,53,9,4,8,16,107,58,5,19
C4920,23,38,0,District - Katni *  38,Urban,70-79,34,29,2,5,17,9,60,44,5,1
C4920,23,38,0,District - Katni *  38,Urban,80-89,9,8,1,0,8,2,18,23,3,2
C4920,23,38,0,District - Katni *  38,Urban,90+,5,5,0,0,1,2,8,3,0,1
C4920,23,38,0,District - Katni *  38,Urban,Age not stated,0,4,0,0,0,0,0,0,0,0
C4920,23,39,0,District - Jabalpur  39,Rural,0-4,212,189,30,25,18,12,188,128,19,21
C4920,23,39,0,District - Jabalpur  39,Rural,5-9,281,266,153,86,60,47,471,281,97,59
C4920,23,39,0,District - Jabalpur  39,Rural,10-19,753,534,339,134,172,94,1310,727,304,202
C4920,23,39,0,District - Jabalpur  39,Rural,20-29,525,347,115,81,96,38,874,319,284,136
C4920,23,39,0,District - Jabalpur  39,Rural,30-39,604,412,87,60,96,60,781,367,254,131
C4920,23,39,0,District - Jabalpur  39,Rural,40-49,594,343,68,31,86,68,619,269,148,86
C4920,23,39,0,District - Jabalpur  39,Rural,50-59,449,412,30,28,108,79,556,343,68,50
C4920,23,39,0,District - Jabalpur  39,Rural,60-69,588,735,32,30,157,156,644,581,42,45
C4920,23,39,0,District - Jabalpur  39,Rural,70-79,376,435,21,16,96,113,439,415,24,30
C4920,23,39,0,District - Jabalpur  39,Rural,80-89,102,170,6,3,56,30,143,164,12,10
C4920,23,39,0,District - Jabalpur  39,Rural,90+,29,45,1,2,12,18,46,68,1,2
C4920,23,39,0,District - Jabalpur  39,Rural,Age not stated,14,7,1,3,6,2,6,3,1,0
C4920,23,39,0,District - Jabalpur  39,Urban,0-4,222,197,28,21,10,14,183,119,40,18
C4920,23,39,0,District - Jabalpur  39,Urban,5-9,283,296,116,105,31,17,369,250,144,101
C4920,23,39,0,District - Jabalpur  39,Urban,10-19,815,696,289,219,108,93,1342,830,519,384
C4920,23,39,0,District - Jabalpur  39,Urban,20-29,796,481,190,99,90,64,1188,513,575,299
C4920,23,39,0,District - Jabalpur  39,Urban,30-39,634,475,115,68,59,52,961,378,460,199
C4920,23,39,0,District - Jabalpur  39,Urban,40-49,609,398,67,33,54,34,758,308,264,121
C4920,23,39,0,District - Jabalpur  39,Urban,50-59,470,280,49,28,52,40,639,299,143,60
C4920,23,39,0,District - Jabalpur  39,Urban,60-69,330,321,29,18,65,70,520,344,58,48
C4920,23,39,0,District - Jabalpur  39,Urban,70-79,204,204,22,5,67,60,306,216,32,21
C4920,23,39,0,District - Jabalpur  39,Urban,80-89,51,67,8,5,24,29,82,110,9,10
C4920,23,39,0,District - Jabalpur  39,Urban,90+,8,33,0,0,5,10,21,37,1,1
C4920,23,39,0,District - Jabalpur  39,Urban,Age not stated,8,5,1,0,1,2,4,3,3,1
C4920,23,40,0,District - Narsimhapur  40,Rural,0-4,361,319,22,8,7,12,155,103,14,10
C4920,23,40,0,District - Narsimhapur  40,Rural,5-9,423,365,129,76,37,34,353,208,70,55
C4920,23,40,0,District - Narsimhapur  40,Rural,10-19,862,652,227,151,102,73,934,523,277,147
C4920,23,40,0,District - Narsimhapur  40,Rural,20-29,720,577,125,88,67,33,654,256,256,131
C4920,23,40,0,District - Narsimhapur  40,Rural,30-39,878,595,124,85,89,38,574,269,256,136
C4920,23,40,0,District - Narsimhapur  40,Rural,40-49,766,434,75,48,60,47,531,217,161,106
C4920,23,40,0,District - Narsimhapur  40,Rural,50-59,514,400,47,32,89,60,459,290,59,60
C4920,23,40,0,District - Narsimhapur  40,Rural,60-69,561,609,38,44,142,154,548,455,40,60
C4920,23,40,0,District - Narsimhapur  40,Rural,70-79,426,458,21,19,128,159,379,373,28,22
C4920,23,40,0,District - Narsimhapur  40,Rural,80-89,146,173,5,3,58,62,152,142,3,12
C4920,23,40,0,District - Narsimhapur  40,Rural,90+,38,50,2,2,21,18,53,60,6,4
C4920,23,40,0,District - Narsimhapur  40,Rural,Age not stated,4,4,1,0,5,1,5,2,1,0
C4920,23,40,0,District - Narsimhapur  40,Urban,0-4,46,45,4,1,3,0,26,17,6,5
C4920,23,40,0,District - Narsimhapur  40,Urban,5-9,57,57,19,3,2,2,57,31,14,15
C4920,23,40,0,District - Narsimhapur  40,Urban,10-19,154,128,47,24,8,9,158,94,49,40
C4920,23,40,0,District - Narsimhapur  40,Urban,20-29,143,123,26,7,8,2,135,56,69,17
C4920,23,40,0,District - Narsimhapur  40,Urban,30-39,160,117,11,9,7,9,105,44,56,32
C4920,23,40,0,District - Narsimhapur  40,Urban,40-49,162,89,10,10,6,4,110,30,30,25
C4920,23,40,0,District - Narsimhapur  40,Urban,50-59,111,70,12,7,7,4,79,33,21,9
C4920,23,40,0,District - Narsimhapur  40,Urban,60-69,93,81,11,3,28,9,80,58,10,4
C4920,23,40,0,District - Narsimhapur  40,Urban,70-79,42,45,6,4,18,14,50,47,2,4
C4920,23,40,0,District - Narsimhapur  40,Urban,80-89,16,26,1,0,8,10,23,21,2,1
C4920,23,40,0,District - Narsimhapur  40,Urban,90+,7,9,0,1,1,6,10,3,0,0
C4920,23,40,0,District - Narsimhapur  40,Urban,Age not stated,1,0,0,0,0,0,0,0,2,0
C4920,23,41,0,District - Dindori *  41,Rural,0-4,129,128,5,8,12,10,92,55,15,8
C4920,23,41,0,District - Dindori *  41,Rural,5-9,131,141,59,50,44,29,180,137,30,22
C4920,23,41,0,District - Dindori *  41,Rural,10-19,297,259,122,96,65,54,477,376,100,65
C4920,23,41,0,District - Dindori *  41,Rural,20-29,250,156,61,53,57,33,262,203,116,60
C4920,23,41,0,District - Dindori *  41,Rural,30-39,318,206,60,39,42,26,292,150,109,49
C4920,23,41,0,District - Dindori *  41,Rural,40-49,300,180,35,28,59,42,273,189,73,38
C4920,23,41,0,District - Dindori *  41,Rural,50-59,226,190,26,26,64,56,245,224,32,25
C4920,23,41,0,District - Dindori *  41,Rural,60-69,319,309,37,17,73,104,320,379,25,20
C4920,23,41,0,District - Dindori *  41,Rural,70-79,179,184,5,7,68,57,194,239,9,10
C4920,23,41,0,District - Dindori *  41,Rural,80-89,62,70,5,1,22,20,74,98,5,6
C4920,23,41,0,District - Dindori *  41,Rural,90+,25,19,2,2,3,10,15,43,2,4
C4920,23,41,0,District - Dindori *  41,Rural,Age not stated,3,2,1,0,0,0,3,2,0,0
C4920,23,41,0,District - Dindori *  41,Urban,0-4,2,5,0,1,1,0,3,2,0,2
C4920,23,41,0,District - Dindori *  41,Urban,5-9,8,6,1,3,1,0,11,3,6,2
C4920,23,41,0,District - Dindori *  41,Urban,10-19,23,15,8,8,4,5,34,18,9,6
C4920,23,41,0,District - Dindori *  41,Urban,20-29,15,9,3,6,1,1,14,13,12,7
C4920,23,41,0,District - Dindori *  41,Urban,30-39,19,12,1,2,3,1,19,11,11,7
C4920,23,41,0,District - Dindori *  41,Urban,40-49,15,11,1,1,2,0,12,4,4,3
C4920,23,41,0,District - Dindori *  41,Urban,50-59,12,9,0,1,4,1,14,6,1,4
C4920,23,41,0,District - Dindori *  41,Urban,60-69,13,8,2,1,1,9,17,17,2,1
C4920,23,41,0,District - Dindori *  41,Urban,70-79,7,2,1,0,2,1,5,8,0,1
C4920,23,41,0,District - Dindori *  41,Urban,80-89,1,2,0,0,2,0,1,9,0,1
C4920,23,41,0,District - Dindori *  41,Urban,90+,0,1,0,0,0,1,0,1,0,0
C4920,23,41,0,District - Dindori *  41,Urban,Age not stated,0,0,0,0,0,0,0,0,0,0
C4920,23,42,0,District - Mandla  42,Rural,0-4,263,253,9,16,18,14,161,132,18,15
C4920,23,42,0,District - Mandla  42,Rural,5-9,357,351,98,76,69,54,265,220,74,48
C4920,23,42,0,District - Mandla  42,Rural,10-19,604,499,189,141,153,110,806,575,197,163
C4920,23,42,0,District - Mandla  42,Rural,20-29,446,381,84,61,70,48,502,294,176,111
C4920,23,42,0,District - Mandla  42,Rural,30-39,484,375,75,50,73,56,493,330,166,106
C4920,23,42,0,District - Mandla  42,Rural,40-49,474,350,68,45,97,73,433,283,107,68
C4920,23,42,0,District - Mandla  42,Rural,50-59,359,327,48,25,82,70,453,309,38,47
C4920,23,42,0,District - Mandla  42,Rural,60-69,454,531,27,36,145,135,481,498,41,36
C4920,23,42,0,District - Mandla  42,Rural,70-79,264,282,14,17,87,83,231,286,18,15
C4920,23,42,0,District - Mandla  42,Rural,80-89,57,78,2,7,20,20,76,98,3,6
C4920,23,42,0,District - Mandla  42,Rural,90+,18,25,1,2,8,6,24,45,1,3
C4920,23,42,0,District - Mandla  42,Rural,Age not stated,43,50,4,4,6,4,33,35,6,13
C4920,23,42,0,District - Mandla  42,Urban,0-4,30,19,1,1,2,0,10,8,3,0
C4920,23,42,0,District - Mandla  42,Urban,5-9,20,26,10,5,4,3,13,19,7,4
C4920,23,42,0,District - Mandla  42,Urban,10-19,76,58,20,13,14,10,72,75,34,15
C4920,23,42,0,District - Mandla  42,Urban,20-29,65,63,21,13,6,3,79,34,31,22
C4920,23,42,0,District - Mandla  42,Urban,30-39,50,40,8,8,5,2,49,21,30,8
C4920,23,42,0,District - Mandla  42,Urban,40-49,45,42,7,3,4,4,53,22,20,9
C4920,23,42,0,District - Mandla  42,Urban,50-59,29,20,4,3,5,4,34,23,8,6
C4920,23,42,0,District - Mandla  42,Urban,60-69,20,28,5,4,6,2,33,30,8,7
C4920,23,42,0,District - Mandla  42,Urban,70-79,24,16,6,0,2,5,28,27,3,1
C4920,23,42,0,District - Mandla  42,Urban,80-89,8,6,0,1,4,1,13,9,0,1
C4920,23,42,0,District - Mandla  42,Urban,90+,0,3,0,0,1,0,3,4,0,0
C4920,23,42,0,District - Mandla  42,Urban,Age not stated,6,1,0,1,1,0,1,1,2,1
C4920,23,43,0,District - Chhindwara  43,Rural,0-4,517,477,26,28,26,21,308,210,38,37
C4920,23,43,0,District - Chhindwara  43,Rural,5-9,626,574,226,143,110,58,605,410,153,101
C4920,23,43,0,District - Chhindwara  43,Rural,10-19,1183,1005,359,301,286,148,1821,1182,413,297
C4920,23,43,0,District - Chhindwara  43,Rural,20-29,782,527,200,126,115,57,1027,500,311,203
C4920,23,43,0,District - Chhindwara  43,Rural,30-39,782,519,130,115,116,84,950,473,297,236
C4920,23,43,0,District - Chhindwara  43,Rural,40-49,764,456,96,78,116,88,900,425,192,133
C4920,23,43,0,District - Chhindwara  43,Rural,50-59,600,598,62,59,137,113,699,439,100,90
C4920,23,43,0,District - Chhindwara  43,Rural,60-69,939,1211,68,65,283,268,973,811,80,91
C4920,23,43,0,District - Chhindwara  43,Rural,70-79,676,773,30,34,195,174,592,515,42,41
C4920,23,43,0,District - Chhindwara  43,Rural,80-89,221,274,6,6,74,61,196,212,11,14
C4920,23,43,0,District - Chhindwara  43,Rural,90+,68,87,6,1,21,18,61,82,8,5
C4920,23,43,0,District - Chhindwara  43,Rural,Age not stated,13,15,3,1,4,0,10,6,3,3
C4920,23,43,0,District - Chhindwara  43,Urban,0-4,157,126,9,12,1,3,68,34,13,7
C4920,23,43,0,District - Chhindwara  43,Urban,5-9,185,162,57,37,17,8,130,94,50,20
C4920,23,43,0,District - Chhindwara  43,Urban,10-19,439,370,98,74,61,32,546,303,177,114
C4920,23,43,0,District - Chhindwara  43,Urban,20-29,326,260,55,35,30,19,399,193,171,83
C4920,23,43,0,District - Chhindwara  43,Urban,30-39,328,201,34,25,28,14,277,114,136,79
C4920,23,43,0,District - Chhindwara  43,Urban,40-49,236,149,35,12,26,23,287,110,97,50
C4920,23,43,0,District - Chhindwara  43,Urban,50-59,177,119,27,8,26,17,239,125,47,33
C4920,23,43,0,District - Chhindwara  43,Urban,60-69,163,210,17,15,33,35,243,162,26,22
C4920,23,43,0,District - Chhindwara  43,Urban,70-79,105,114,10,7,33,37,143,109,16,8
C4920,23,43,0,District - Chhindwara  43,Urban,80-89,43,39,4,0,16,11,39,42,2,8
C4920,23,43,0,District - Chhindwara  43,Urban,90+,9,16,1,1,3,9,14,24,0,1
C4920,23,43,0,District - Chhindwara  43,Urban,Age not stated,2,5,0,0,1,0,4,0,0,0
C4920,23,44,0,District - Seoni  44,Rural,0-4,265,221,22,14,14,13,195,144,27,17
C4920,23,44,0,District - Seoni  44,Rural,5-9,343,316,131,113,79,68,422,252,102,77
C4920,23,44,0,District - Seoni  44,Rural,10-19,692,589,253,151,219,110,1413,851,317,218
C4920,23,44,0,District - Seoni  44,Rural,20-29,498,366,110,94,97,65,803,371,268,172
C4920,23,44,0,District - Seoni  44,Rural,30-39,580,369,101,81,103,55,698,340,246,191
C4920,23,44,0,District - Seoni  44,Rural,40-49,538,343,66,56,125,92,664,364,154,104
C4920,23,44,0,District - Seoni  44,Rural,50-59,510,475,58,45,134,119,693,388,71,70
C4920,23,44,0,District - Seoni  44,Rural,60-69,667,865,34,48,180,202,924,695,55,54
C4920,23,44,0,District - Seoni  44,Rural,70-79,441,471,20,16,131,132,514,503,16,15
C4920,23,44,0,District - Seoni  44,Rural,80-89,133,176,9,2,56,40,181,159,7,10
C4920,23,44,0,District - Seoni  44,Rural,90+,43,70,2,1,11,26,36,68,2,2
C4920,23,44,0,District - Seoni  44,Rural,Age not stated,9,5,2,0,0,0,7,6,1,1
C4920,23,44,0,District - Seoni  44,Urban,0-4,34,30,1,0,3,1,23,9,5,3
C4920,23,44,0,District - Seoni  44,Urban,5-9,46,32,13,8,5,3,22,17,19,7
C4920,23,44,0,District - Seoni  44,Urban,10-19,115,87,16,23,6,6,125,90,38,38
C4920,23,44,0,District - Seoni  44,Urban,20-29,93,66,14,12,5,6,70,50,51,29
C4920,23,44,0,District - Seoni  44,Urban,30-39,73,63,9,8,6,5,61,28,35,20
C4920,23,44,0,District - Seoni  44,Urban,40-49,67,43,8,8,7,3,50,28,32,10
C4920,23,44,0,District - Seoni  44,Urban,50-59,60,56,8,4,5,6,44,30,9,8
C4920,23,44,0,District - Seoni  44,Urban,60-69,55,86,5,2,9,16,55,41,7,7
C4920,23,44,0,District - Seoni  44,Urban,70-79,36,51,2,1,4,4,41,29,0,6
C4920,23,44,0,District - Seoni  44,Urban,80-89,8,13,0,0,3,3,9,13,0,1
C4920,23,44,0,District - Seoni  44,Urban,90+,1,6,0,0,0,2,1,4,0,0
C4920,23,44,0,District - Seoni  44,Urban,Age not stated,2,1,1,0,0,0,0,0,0,0
C4920,23,45,0,District - Balaghat  45,Rural,0-4,360,309,30,19,24,14,314,216,59,33
C4920,23,45,0,District - Balaghat  45,Rural,5-9,488,402,185,143,121,77,434,289,156,118
C4920,23,45,0,District - Balaghat  45,Rural,10-19,939,791,315,209,283,208,1214,909,438,338
C4920,23,45,0,District - Balaghat  45,Rural,20-29,648,526,129,92,123,85,836,502,335,303
C4920,23,45,0,District - Balaghat  45,Rural,30-39,700,563,131,88,120,119,690,397,317,293
C4920,23,45,0,District - Balaghat  45,Rural,40-49,756,557,85,82,148,156,721,476,203,179
C4920,23,45,0,District - Balaghat  45,Rural,50-59,692,698,61,44,222,188,797,544,117,92
C4920,23,45,0,District - Balaghat  45,Rural,60-69,914,1231,69,61,273,317,1073,826,98,105
C4920,23,45,0,District - Balaghat  45,Rural,70-79,460,593,25,27,172,176,444,449,30,35
C4920,23,45,0,District - Balaghat  45,Rural,80-89,125,163,8,2,51,42,107,149,3,6
C4920,23,45,0,District - Balaghat  45,Rural,90+,31,28,0,1,13,14,27,52,2,4
C4920,23,45,0,District - Balaghat  45,Rural,Age not stated,5,3,0,0,3,1,7,5,2,1
C4920,23,45,0,District - Balaghat  45,Urban,0-4,41,29,6,0,2,4,31,22,9,2
C4920,23,45,0,District - Balaghat  45,Urban,5-9,50,45,25,20,7,7,71,31,25,14
C4920,23,45,0,District - Balaghat  45,Urban,10-19,163,124,46,33,30,25,169,123,78,59
C4920,23,45,0,District - Balaghat  45,Urban,20-29,82,84,31,17,12,7,148,67,80,44
C4920,23,45,0,District - Balaghat  45,Urban,30-39,110,89,20,15,14,15,127,45,57,33
C4920,23,45,0,District - Balaghat  45,Urban,40-49,103,70,13,7,20,9,114,44,48,27
C4920,23,45,0,District - Balaghat  45,Urban,50-59,71,58,13,6,15,13,92,49,16,16
C4920,23,45,0,District - Balaghat  45,Urban,60-69,65,93,6,6,18,9,92,75,6,15
C4920,23,45,0,District - Balaghat  45,Urban,70-79,45,56,4,0,12,17,45,47,6,4
C4920,23,45,0,District - Balaghat  45,Urban,80-89,8,11,1,1,4,9,22,16,2,4
C4920,23,45,0,District - Balaghat  45,Urban,90+,8,5,0,1,0,3,2,3,0,0
C4920,23,45,0,District - Balaghat  45,Urban,Age not stated,2,2,1,0,0,0,1,0,1,1
