Table Name,State Code,Distt.Code,Area Name,Total/Rural/Urban,Age-group,In seeing Persons Males,In Hearing Persons Males,In Hearing Persons Females,In Speech Males,In Speech Females,In Movement Males,In Movement  Females,Mental Persons Males,Mental Persons Females
C4920,23,1,District-Sheopur ,Rural,0-4,36,30,33,5,3,54,57,11,9
C4920,23,1,District-Sheopur ,Rural,5-9,71,62,62,38,21,103,74,34,19
C4920,23,1,District-Sheopur ,Rural,10-19,137,143,110,87,38,382,220,107,77
C4920,23,1,District-Sheopur ,Rural,20-29,94,103,69,42,18,457,244,114,45
C4920,23,1,District-Sheopur ,Rural,30-39,94,108,67,22,22,386,193,84,47
C4920,23,1,District-Sheopur ,Rural,40-49,135,80,71,21,17,255,125,56,38
C4920,23,1,District-Sheopur ,Rural,50-59,147,76,71,19,18,188,122,38,31
C4920,23,1,District-Sheopur ,Rural,60-69,208,93,109,10,7,195,144,20,21
C4920,23,1,District-Sheopur ,Rural,70-79,203,94,73,2,5,133,128,7,9
C4920,23,1,District-Sheopur ,Rural,80-89,55,27,30,3,3,32,37,1,2
C4920,23,1,District-Sheopur ,Rural,90+,12,3,6,1,0,5,6,1,0
C4920,23,1,District-Sheopur ,Rural,Age Not Stated,0,1,0,0,0,1,1,0,0
C4920,23,1,District-Sheopur ,Urban,0-4,5,4,7,1,1,7,3,5,2
C4920,23,1,District-Sheopur ,Urban,5-9,2,10,7,8,7,17,20,9,13
C4920,23,1,District-Sheopur ,Urban,10-19,11,26,14,14,13,62,43,55,34
C4920,23,1,District-Sheopur ,Urban,20-29,18,15,11,7,10,85,44,33,27
C4920,23,1,District-Sheopur ,Urban,30-39,17,14,18,4,5,97,43,29,14
C4920,23,1,District-Sheopur ,Urban,40-49,16,14,8,6,4,59,37,20,8
C4920,23,1,District-Sheopur ,Urban,50-59,14,12,6,4,3,37,26,9,9
C4920,23,1,District-Sheopur ,Urban,60-69,28,9,12,0,1,55,36,7,3
C4920,23,1,District-Sheopur ,Urban,70-79,31,18,10,0,0,30,24,2,0
C4920,23,1,District-Sheopur ,Urban,80-89,6,5,5,0,0,5,9,1,1
C4920,23,1,District-Sheopur ,Urban,90+,0,1,1,0,0,2,0,0,0
C4920,23,1,District-Sheopur ,Urban,Age Not Stated,0,0,0,0,0,1,0,0,0
C4920,23,2,District-Morena,Rural,0-4,67,166,152,10,8,120,60,31,11
C4920,23,2,District-Morena,Rural,5-9,127,198,186,97,59,184,135,101,41
C4920,23,2,District-Morena,Rural,10-19,266,492,324,187,108,999,418,289,115
C4920,23,2,District-Morena,Rural,20-29,257,327,238,135,56,1227,389,206,75
C4920,23,2,District-Morena,Rural,30-39,218,304,222,74,63,892,328,170,72
C4920,23,2,District-Morena,Rural,40-49,219,264,176,62,27,519,202,106,60
C4920,23,2,District-Morena,Rural,50-59,264,205,164,20,16,380,183,66,24
C4920,23,2,District-Morena,Rural,60-69,478,271,253,23,14,434,326,40,24
C4920,23,2,District-Morena,Rural,70-79,384,260,236,16,13,369,374,18,13
C4920,23,2,District-Morena,Rural,80-89,144,129,95,5,3,177,148,5,3
C4920,23,2,District-Morena,Rural,90+,37,24,23,1,1,36,53,0,3
C4920,23,2,District-Morena,Rural,Age Not Stated,3,2,5,0,0,1,3,0,1
C4920,23,2,District-Morena,Urban,0-4,23,32,31,6,5,31,13,8,3
C4920,23,2,District-Morena,Urban,5-9,29,42,36,31,17,45,29,13,11
C4920,23,2,District-Morena,Urban,10-19,78,103,91,57,29,244,111,82,36
C4920,23,2,District-Morena,Urban,20-29,71,89,68,40,24,411,140,80,38
C4920,23,2,District-Morena,Urban,30-39,64,88,52,29,15,264,111,66,23
C4920,23,2,District-Morena,Urban,40-49,51,80,45,17,8,177,68,35,14
C4920,23,2,District-Morena,Urban,50-59,50,53,43,10,8,125,43,18,12
C4920,23,2,District-Morena,Urban,60-69,76,62,67,6,4,119,86,7,9
C4920,23,2,District-Morena,Urban,70-79,65,57,52,3,1,110,85,4,1
C4920,23,2,District-Morena,Urban,80-89,19,25,21,2,1,43,36,2,0
C4920,23,2,District-Morena,Urban,90+,6,5,7,0,0,3,11,1,0
C4920,23,2,District-Morena,Urban,Age Not Stated,1,2,1,0,0,0,1,1,0
C4920,23,3,District-Bhind,Rural,0-4,112,202,197,16,8,64,43,22,11
C4920,23,3,District-Bhind,Rural,5-9,142,232,204,94,69,123,73,58,33
C4920,23,3,District-Bhind,Rural,10-19,363,586,526,205,108,665,239,231,84
C4920,23,3,District-Bhind,Rural,20-29,304,492,337,146,71,883,233,169,53
C4920,23,3,District-Bhind,Rural,30-39,255,379,309,91,57,654,223,159,53
C4920,23,3,District-Bhind,Rural,40-49,237,333,242,82,45,456,132,99,43
C4920,23,3,District-Bhind,Rural,50-59,260,251,200,41,40,318,158,62,26
C4920,23,3,District-Bhind,Rural,60-69,361,306,266,42,31,346,197,32,17
C4920,23,3,District-Bhind,Rural,70-79,375,271,215,24,13,249,213,16,14
C4920,23,3,District-Bhind,Rural,80-89,136,122,88,7,8,119,97,7,1
C4920,23,3,District-Bhind,Rural,90+,34,35,29,1,3,28,28,0,2
C4920,23,3,District-Bhind,Rural,Age Not Stated,2,16,10,1,0,3,1,3,0
C4920,23,3,District-Bhind,Urban,0-4,24,45,51,6,1,32,21,6,5
C4920,23,3,District-Bhind,Urban,5-9,24,69,59,27,14,36,31,27,13
C4920,23,3,District-Bhind,Urban,10-19,82,188,129,47,32,213,125,86,45
C4920,23,3,District-Bhind,Urban,20-29,85,132,95,53,30,310,143,83,22
C4920,23,3,District-Bhind,Urban,30-39,59,95,71,29,20,231,94,64,16
C4920,23,3,District-Bhind,Urban,40-49,74,97,66,24,15,180,62,48,19
C4920,23,3,District-Bhind,Urban,50-59,57,81,49,12,3,135,48,27,12
C4920,23,3,District-Bhind,Urban,60-69,89,56,57,6,6,99,53,14,8
C4920,23,3,District-Bhind,Urban,70-79,74,54,41,7,5,55,61,6,5
C4920,23,3,District-Bhind,Urban,80-89,26,23,17,3,0,29,25,1,0
C4920,23,3,District-Bhind,Urban,90+,8,6,4,0,0,7,5,0,2
C4920,23,3,District-Bhind,Urban,Age Not Stated,1,3,1,0,2,3,2,0,0
C4920,23,4,District-Gwalior,Rural,0-4,49,80,56,6,5,51,35,19,10
C4920,23,4,District-Gwalior,Rural,5-9,67,123,106,50,27,88,45,44,28
C4920,23,4,District-Gwalior,Rural,10-19,178,278,204,113,62,448,241,141,79
C4920,23,4,District-Gwalior,Rural,20-29,128,218,165,87,25,676,177,106,53
C4920,23,4,District-Gwalior,Rural,30-39,113,169,134,44,36,428,186,71,39
C4920,23,4,District-Gwalior,Rural,40-49,83,142,93,39,22,288,79,65,35
C4920,23,4,District-Gwalior,Rural,50-59,99,117,88,23,15,219,79,34,17
C4920,23,4,District-Gwalior,Rural,60-69,139,111,123,15,16,160,129,19,12
C4920,23,4,District-Gwalior,Rural,70-79,120,88,86,12,8,105,81,6,6
C4920,23,4,District-Gwalior,Rural,80-89,43,24,26,1,3,33,47,0,2
C4920,23,4,District-Gwalior,Rural,90+,14,16,14,2,2,12,20,0,0
C4920,23,4,District-Gwalior,Rural,Age Not Stated,2,0,1,1,0,4,4,2,0
C4920,23,4,District-Gwalior,Urban,0-4,58,178,150,8,6,51,32,18,18
C4920,23,4,District-Gwalior,Urban,5-9,88,215,169,75,55,107,82,69,33
C4920,23,4,District-Gwalior,Urban,10-19,225,527,405,142,111,426,242,250,156
C4920,23,4,District-Gwalior,Urban,20-29,264,548,419,116,84,770,381,293,126
C4920,23,4,District-Gwalior,Urban,30-39,194,446,358,77,48,630,276,230,129
C4920,23,4,District-Gwalior,Urban,40-49,173,379,257,68,44,524,163,184,84
C4920,23,4,District-Gwalior,Urban,50-59,109,284,197,51,29,358,153,92,46
C4920,23,4,District-Gwalior,Urban,60-69,155,162,154,27,22,317,165,54,20
C4920,23,4,District-Gwalior,Urban,70-79,71,100,92,14,10,147,111,12,7
C4920,23,4,District-Gwalior,Urban,80-89,34,33,42,8,7,62,52,2,2
C4920,23,4,District-Gwalior,Urban,90+,6,7,24,2,0,14,14,1,1
C4920,23,4,District-Gwalior,Urban,Age Not Stated,0,6,5,3,4,0,1,2,1
C4920,23,5,District-Datia,Rural,0-4,40,43,51,7,3,39,27,7,8
C4920,23,5,District-Datia,Rural,5-9,52,54,92,41,26,64,57,32,16
C4920,23,5,District-Datia,Rural,10-19,125,184,185,69,37,278,123,98,46
C4920,23,5,District-Datia,Rural,20-29,105,159,131,55,19,457,167,70,31
C4920,23,5,District-Datia,Rural,30-39,77,127,117,30,22,350,154,63,33
C4920,23,5,District-Datia,Rural,40-49,96,132,105,31,10,249,94,48,31
C4920,23,5,District-Datia,Rural,50-59,93,79,75,11,10,173,66,18,14
C4920,23,5,District-Datia,Rural,60-69,99,75,87,9,8,155,118,16,11
C4920,23,5,District-Datia,Rural,70-79,111,66,74,3,2,112,107,3,5
C4920,23,5,District-Datia,Rural,80-89,34,25,33,0,3,42,47,1,2
C4920,23,5,District-Datia,Rural,90+,12,6,10,0,0,5,18,1,0
C4920,23,5,District-Datia,Rural,Age Not Stated,0,0,0,0,0,0,0,0,0
C4920,23,5,District-Datia,Urban,0-4,4,17,11,0,3,14,11,2,1
C4920,23,5,District-Datia,Urban,5-9,13,17,13,11,7,25,15,7,6
C4920,23,5,District-Datia,Urban,10-19,18,44,37,17,10,96,54,33,30
C4920,23,5,District-Datia,Urban,20-29,20,34,17,14,14,131,59,27,15
C4920,23,5,District-Datia,Urban,30-39,23,32,19,10,6,109,69,23,15
C4920,23,5,District-Datia,Urban,40-49,20,28,14,5,7,88,34,32,13
C4920,23,5,District-Datia,Urban,50-59,18,21,11,4,3,70,30,15,7
C4920,23,5,District-Datia,Urban,60-69,12,23,20,1,1,63,42,4,5
C4920,23,5,District-Datia,Urban,70-79,20,12,16,3,3,32,34,2,1
C4920,23,5,District-Datia,Urban,80-89,5,10,9,1,1,18,26,0,0
C4920,23,5,District-Datia,Urban,90+,0,0,4,0,0,3,14,0,0
C4920,23,5,District-Datia,Urban,Age Not Stated,0,0,0,0,0,2,0,0,0
C4920,23,6,District-Shivpuri,Rural,0-4,143,179,174,19,8,89,71,26,18
C4920,23,6,District-Shivpuri,Rural,5-9,244,245,193,101,64,216,132,66,62
C4920,23,6,District-Shivpuri,Rural,10-19,532,491,340,192,116,737,385,220,148
C4920,23,6,District-Shivpuri,Rural,20-29,376,425,271,123,73,1054,341,168,70
C4920,23,6,District-Shivpuri,Rural,30-39,307,382,239,109,55,761,381,132,77
C4920,23,6,District-Shivpuri,Rural,40-49,296,302,178,58,45,553,200,91,71
C4920,23,6,District-Shivpuri,Rural,50-59,269,234,170,37,24,410,199,53,45
C4920,23,6,District-Shivpuri,Rural,60-69,358,268,255,41,25,404,321,37,30
C4920,23,6,District-Shivpuri,Rural,70-79,299,221,202,20,14,265,266,11,16
C4920,23,6,District-Shivpuri,Rural,80-89,84,69,62,6,2,92,107,2,3
C4920,23,6,District-Shivpuri,Rural,90+,30,16,20,0,2,16,36,3,0
C4920,23,6,District-Shivpuri,Rural,Age Not Stated,2,12,6,0,3,7,1,1,0
C4920,23,6,District-Shivpuri,Urban,0-4,28,31,34,3,3,14,14,7,4
C4920,23,6,District-Shivpuri,Urban,5-9,27,50,41,30,12,50,23,14,16
C4920,23,6,District-Shivpuri,Urban,10-19,72,96,119,46,21,122,78,55,30
C4920,23,6,District-Shivpuri,Urban,20-29,51,70,93,39,18,194,111,53,22
C4920,23,6,District-Shivpuri,Urban,30-39,49,62,80,17,20,165,59,50,15
C4920,23,6,District-Shivpuri,Urban,40-49,52,55,53,28,13,144,55,37,19
C4920,23,6,District-Shivpuri,Urban,50-59,26,40,23,12,6,103,48,12,9
C4920,23,6,District-Shivpuri,Urban,60-69,44,25,32,8,4,96,50,2,7
C4920,23,6,District-Shivpuri,Urban,70-79,25,38,27,2,1,53,37,5,2
C4920,23,6,District-Shivpuri,Urban,80-89,11,15,7,1,1,20,18,0,1
C4920,23,6,District-Shivpuri,Urban,90+,2,3,8,0,2,4,5,2,0
C4920,23,6,District-Shivpuri,Urban,Age Not Stated,0,0,2,0,0,1,0,0,0
C4920,23,7,District-Tikamgarh,Rural,0-4,84,107,118,10,10,69,62,19,13
C4920,23,7,District-Tikamgarh,Rural,5-9,131,155,156,79,54,151,101,53,38
C4920,23,7,District-Tikamgarh,Rural,10-19,306,328,295,169,96,591,300,145,117
C4920,23,7,District-Tikamgarh,Rural,20-29,225,254,210,95,62,876,374,140,65
C4920,23,7,District-Tikamgarh,Rural,30-39,212,206,194,74,53,634,317,129,61
C4920,23,7,District-Tikamgarh,Rural,40-49,199,182,146,47,34,411,195,95,49
C4920,23,7,District-Tikamgarh,Rural,50-59,164,156,122,34,23,284,152,46,34
C4920,23,7,District-Tikamgarh,Rural,60-69,271,159,164,23,28,341,235,26,29
C4920,23,7,District-Tikamgarh,Rural,70-79,226,125,140,13,7,251,220,6,8
C4920,23,7,District-Tikamgarh,Rural,80-89,77,47,49,5,2,88,89,1,0
C4920,23,7,District-Tikamgarh,Rural,90+,26,15,15,1,1,24,28,1,1
C4920,23,7,District-Tikamgarh,Rural,Age Not Stated,2,1,1,1,0,2,0,1,1
C4920,23,7,District-Tikamgarh,Urban,0-4,24,21,18,3,3,12,13,3,3
C4920,23,7,District-Tikamgarh,Urban,5-9,28,29,23,14,14,28,12,17,6
C4920,23,7,District-Tikamgarh,Urban,10-19,61,83,63,33,24,119,62,37,30
C4920,23,7,District-Tikamgarh,Urban,20-29,53,77,37,25,15,229,107,49,25
C4920,23,7,District-Tikamgarh,Urban,30-39,44,66,47,13,11,170,84,29,32
C4920,23,7,District-Tikamgarh,Urban,40-49,41,52,35,17,14,132,52,38,23
C4920,23,7,District-Tikamgarh,Urban,50-59,45,25,19,10,4,86,39,13,13
C4920,23,7,District-Tikamgarh,Urban,60-69,53,38,29,5,3,107,66,9,5
C4920,23,7,District-Tikamgarh,Urban,70-79,43,37,27,4,3,38,49,2,4
C4920,23,7,District-Tikamgarh,Urban,80-89,11,11,10,1,0,26,30,1,0
C4920,23,7,District-Tikamgarh,Urban,90+,3,3,4,1,1,5,17,0,0
C4920,23,7,District-Tikamgarh,Urban,Age Not Stated,0,1,0,0,0,0,0,0,0
C4920,23,8,District-Chhatarpur,Rural,0-4,111,126,146,26,11,95,83,23,14
C4920,23,8,District-Chhatarpur,Rural,5-9,144,177,169,130,98,230,136,99,62
C4920,23,8,District-Chhatarpur,Rural,10-19,432,385,319,247,153,900,449,301,209
C4920,23,8,District-Chhatarpur,Rural,20-29,322,346,230,148,78,1226,499,239,102
C4920,23,8,District-Chhatarpur,Rural,30-39,252,269,227,106,61,749,385,228,109
C4920,23,8,District-Chhatarpur,Rural,40-49,247,237,181,79,47,496,248,180,80
C4920,23,8,District-Chhatarpur,Rural,50-59,300,196,186,40,27,449,243,77,62
C4920,23,8,District-Chhatarpur,Rural,60-69,473,252,265,42,37,621,462,40,48
C4920,23,8,District-Chhatarpur,Rural,70-79,470,261,241,23,13,482,408,19,23
C4920,23,8,District-Chhatarpur,Rural,80-89,193,111,87,5,3,226,186,3,4
C4920,23,8,District-Chhatarpur,Rural,90+,43,27,20,1,1,49,38,3,2
C4920,23,8,District-Chhatarpur,Rural,Age Not Stated,5,4,7,2,0,3,1,2,2
C4920,23,8,District-Chhatarpur,Urban,0-4,28,42,26,5,6,22,15,6,4
C4920,23,8,District-Chhatarpur,Urban,5-9,49,49,46,31,22,67,34,24,15
C4920,23,8,District-Chhatarpur,Urban,10-19,116,128,114,65,66,219,138,94,57
C4920,23,8,District-Chhatarpur,Urban,20-29,85,116,91,54,36,397,169,103,56
C4920,23,8,District-Chhatarpur,Urban,30-39,97,120,63,33,27,268,134,91,50
C4920,23,8,District-Chhatarpur,Urban,40-49,96,93,50,24,16,178,89,76,56
C4920,23,8,District-Chhatarpur,Urban,50-59,103,60,45,11,18,142,80,36,23
C4920,23,8,District-Chhatarpur,Urban,60-69,79,59,38,11,10,149,102,25,25
C4920,23,8,District-Chhatarpur,Urban,70-79,56,46,55,5,5,119,84,15,13
C4920,23,8,District-Chhatarpur,Urban,80-89,24,24,18,1,0,34,39,3,3
C4920,23,8,District-Chhatarpur,Urban,90+,5,6,9,0,0,13,21,1,0
C4920,23,8,District-Chhatarpur,Urban,Age Not Stated,2,2,0,0,1,1,0,1,0
C4920,23,9,District-Panna,Rural,0-4,88,87,85,9,4,87,41,14,12
C4920,23,9,District-Panna,Rural,5-9,144,102,99,74,48,150,99,69,38
C4920,23,9,District-Panna,Rural,10-19,322,252,191,130,87,491,247,164,124
C4920,23,9,District-Panna,Rural,20-29,213,189,115,79,60,547,222,146,58
C4920,23,9,District-Panna,Rural,30-39,186,179,121,57,40,386,189,152,64
C4920,23,9,District-Panna,Rural,40-49,146,128,77,26,25,286,156,103,44
C4920,23,9,District-Panna,Rural,50-59,153,102,75,22,14,232,152,43,37
C4920,23,9,District-Panna,Rural,60-69,230,135,119,24,15,304,264,33,17
C4920,23,9,District-Panna,Rural,70-79,174,107,115,10,13,275,211,9,10
C4920,23,9,District-Panna,Rural,80-89,73,48,45,0,3,99,80,2,0
C4920,23,9,District-Panna,Rural,90+,18,15,8,1,0,24,19,0,0
C4920,23,9,District-Panna,Rural,Age Not Stated,0,1,0,0,1,1,2,2,0
C4920,23,9,District-Panna,Urban,0-4,10,10,13,1,0,13,3,4,1
C4920,23,9,District-Panna,Urban,5-9,7,13,18,5,7,10,5,7,8
C4920,23,9,District-Panna,Urban,10-19,39,28,29,17,8,61,41,29,14
C4920,23,9,District-Panna,Urban,20-29,20,29,25,13,8,94,40,31,11
C4920,23,9,District-Panna,Urban,30-39,25,24,19,5,4,72,26,24,8
C4920,23,9,District-Panna,Urban,40-49,15,22,17,7,1,63,24,18,11
C4920,23,9,District-Panna,Urban,50-59,11,8,10,5,3,38,11,9,6
C4920,23,9,District-Panna,Urban,60-69,20,16,17,5,1,36,21,10,5
C4920,23,9,District-Panna,Urban,70-79,14,16,10,1,2,22,27,5,1
C4920,23,9,District-Panna,Urban,80-89,3,4,2,3,1,10,12,0,0
C4920,23,9,District-Panna,Urban,90+,3,0,0,0,0,3,6,0,0
C4920,23,9,District-Panna,Urban,Age Not Stated,0,0,0,0,0,0,0,0,0
C4920,23,10,District-Sagar,Rural,0-4,182,198,218,25,8,179,134,28,21
C4920,23,10,District-Sagar,Rural,5-9,293,264,260,168,120,306,200,133,85
C4920,23,10,District-Sagar,Rural,10-19,742,600,537,308,188,949,536,405,271
C4920,23,10,District-Sagar,Rural,20-29,520,469,367,173,104,1213,515,339,173
C4920,23,10,District-Sagar,Rural,30-39,356,431,310,129,90,988,459,321,153
C4920,23,10,District-Sagar,Rural,40-49,393,345,282,91,67,795,328,234,113
C4920,23,10,District-Sagar,Rural,50-59,335,288,195,60,35,609,334,106,75
C4920,23,10,District-Sagar,Rural,60-69,527,308,315,53,26,715,547,56,56
C4920,23,10,District-Sagar,Rural,70-79,325,243,238,19,13,480,435,25,13
C4920,23,10,District-Sagar,Rural,80-89,123,92,123,3,7,182,203,6,4
C4920,23,10,District-Sagar,Rural,90+,31,35,39,4,4,41,64,0,2
C4920,23,10,District-Sagar,Rural,Age Not Stated,5,3,1,0,0,5,4,2,2
C4920,23,10,District-Sagar,Urban,0-4,75,75,66,8,15,48,35,21,26
C4920,23,10,District-Sagar,Urban,5-9,80,96,77,43,39,85,44,46,35
C4920,23,10,District-Sagar,Urban,10-19,250,264,224,108,68,274,145,169,106
C4920,23,10,District-Sagar,Urban,20-29,188,245,157,92,41,407,219,161,98
C4920,23,10,District-Sagar,Urban,30-39,181,211,132,54,40,399,163,154,89
C4920,23,10,District-Sagar,Urban,40-49,143,199,99,42,33,303,136,118,69
C4920,23,10,District-Sagar,Urban,50-59,114,121,68,33,20,250,106,64,29
C4920,23,10,District-Sagar,Urban,60-69,103,108,83,25,14,234,168,25,25
C4920,23,10,District-Sagar,Urban,70-79,63,75,84,13,8,147,128,14,6
C4920,23,10,District-Sagar,Urban,80-89,18,25,24,4,3,49,78,2,1
C4920,23,10,District-Sagar,Urban,90+,7,2,5,0,1,14,21,2,0
C4920,23,10,District-Sagar,Urban,Age Not Stated,1,7,2,1,0,0,2,1,1
C4920,23,11,District-Damoh,Rural,0-4,124,102,110,10,8,105,79,14,20
C4920,23,11,District-Damoh,Rural,5-9,157,129,124,82,53,169,96,63,46
C4920,23,11,District-Damoh,Rural,10-19,416,302,243,163,114,637,295,204,139
C4920,23,11,District-Damoh,Rural,20-29,273,243,158,118,67,771,320,214,92
C4920,23,11,District-Damoh,Rural,30-39,233,234,175,80,50,563,278,185,102
C4920,23,11,District-Damoh,Rural,40-49,260,177,143,57,28,432,213,138,77
C4920,23,11,District-Damoh,Rural,50-59,218,150,112,35,18,342,190,60,41
C4920,23,11,District-Damoh,Rural,60-69,318,166,196,24,20,366,386,33,35
C4920,23,11,District-Damoh,Rural,70-79,220,126,169,13,10,277,290,10,15
C4920,23,11,District-Damoh,Rural,80-89,75,51,53,3,3,78,136,3,6
C4920,23,11,District-Damoh,Rural,90+,12,10,14,1,0,32,38,0,1
C4920,23,11,District-Damoh,Rural,Age Not Stated,4,2,1,1,0,2,2,0,0
C4920,23,11,District-Damoh,Urban,0-4,22,34,31,2,3,15,11,7,2
C4920,23,11,District-Damoh,Urban,5-9,29,44,41,19,16,37,20,13,13
C4920,23,11,District-Damoh,Urban,10-19,81,110,112,31,29,132,63,73,39
C4920,23,11,District-Damoh,Urban,20-29,69,109,80,34,26,215,99,61,50
C4920,23,11,District-Damoh,Urban,30-39,51,75,56,24,18,126,86,79,36
C4920,23,11,District-Damoh,Urban,40-49,37,76,58,20,18,132,58,68,27
C4920,23,11,District-Damoh,Urban,50-59,36,56,38,15,5,110,40,27,21
C4920,23,11,District-Damoh,Urban,60-69,36,49,34,5,8,110,59,8,15
C4920,23,11,District-Damoh,Urban,70-79,28,35,33,2,2,51,38,6,1
C4920,23,11,District-Damoh,Urban,80-89,10,5,16,2,0,19,23,1,1
C4920,23,11,District-Damoh,Urban,90+,2,3,6,0,0,6,11,0,0
C4920,23,11,District-Damoh,Urban,Age Not Stated,2,1,3,0,0,0,0,0,0
C4920,23,12,District-Satna,Rural,0-4,177,182,154,22,20,161,110,40,37
C4920,23,12,District-Satna,Rural,5-9,268,236,198,168,133,312,177,220,155
C4920,23,12,District-Satna,Rural,10-19,675,599,479,287,240,962,617,557,400
C4920,23,12,District-Satna,Rural,20-29,479,437,273,203,140,1181,567,426,218
C4920,23,12,District-Satna,Rural,30-39,460,386,312,135,98,937,399,370,203
C4920,23,12,District-Satna,Rural,40-49,397,339,234,99,96,877,396,294,121
C4920,23,12,District-Satna,Rural,50-59,403,271,164,68,60,658,336,134,89
C4920,23,12,District-Satna,Rural,60-69,523,313,350,51,69,771,671,80,70
C4920,23,12,District-Satna,Rural,70-79,475,334,284,38,31,775,602,31,28
C4920,23,12,District-Satna,Rural,80-89,164,118,96,12,4,305,217,7,11
C4920,23,12,District-Satna,Rural,90+,43,33,24,3,2,78,63,2,0
C4920,23,12,District-Satna,Rural,Age Not Stated,1,2,1,0,1,9,5,1,0
C4920,23,12,District-Satna,Urban,0-4,35,55,50,5,2,42,28,10,12
C4920,23,12,District-Satna,Urban,5-9,62,83,68,36,28,76,41,54,27
C4920,23,12,District-Satna,Urban,10-19,236,216,163,81,56,219,160,143,93
C4920,23,12,District-Satna,Urban,20-29,154,158,125,62,48,328,152,123,81
C4920,23,12,District-Satna,Urban,30-39,112,143,107,50,31,252,113,138,73
C4920,23,12,District-Satna,Urban,40-49,103,139,83,24,21,224,90,118,62
C4920,23,12,District-Satna,Urban,50-59,90,82,54,22,9,173,72,49,31
C4920,23,12,District-Satna,Urban,60-69,81,58,55,15,10,171,106,22,12
C4920,23,12,District-Satna,Urban,70-79,54,45,38,5,8,96,76,11,2
C4920,23,12,District-Satna,Urban,80-89,15,26,22,2,4,36,31,5,3
C4920,23,12,District-Satna,Urban,90+,3,10,12,1,2,8,11,2,0
C4920,23,12,District-Satna,Urban,Age Not Stated,1,0,0,0,0,0,1,1,0
C4920,23,13,District-Rewa,Rural,0-4,180,286,290,20,20,165,100,46,36
C4920,23,13,District-Rewa,Rural,5-9,224,385,366,182,135,255,178,184,98
C4920,23,13,District-Rewa,Rural,10-19,645,933,837,375,258,789,448,502,375
C4920,23,13,District-Rewa,Rural,20-29,522,677,542,284,160,909,386,399,214
C4920,23,13,District-Rewa,Rural,30-39,470,601,506,190,140,808,346,465,190
C4920,23,13,District-Rewa,Rural,40-49,404,512,414,128,103,713,281,267,160
C4920,23,13,District-Rewa,Rural,50-59,329,350,279,90,71,664,316,153,80
C4920,23,13,District-Rewa,Rural,60-69,515,412,422,73,76,1057,807,122,80
C4920,23,13,District-Rewa,Rural,70-79,508,393,377,58,45,1018,766,50,38
C4920,23,13,District-Rewa,Rural,80-89,195,165,132,11,13,403,317,15,5
C4920,23,13,District-Rewa,Rural,90+,41,39,28,4,2,111,74,4,5
C4920,23,13,District-Rewa,Rural,Age Not Stated,4,4,8,1,1,8,6,0,1
C4920,23,13,District-Rewa,Urban,0-4,25,59,60,2,2,17,14,9,5
C4920,23,13,District-Rewa,Urban,5-9,36,120,71,27,28,43,30,32,26
C4920,23,13,District-Rewa,Urban,10-19,119,386,173,66,52,134,64,111,67
C4920,23,13,District-Rewa,Urban,20-29,94,191,160,54,33,192,90,109,62
C4920,23,13,District-Rewa,Urban,30-39,84,119,133,42,32,126,52,104,45
C4920,23,13,District-Rewa,Urban,40-49,68,128,101,38,24,143,52,69,32
C4920,23,13,District-Rewa,Urban,50-59,60,97,67,23,16,131,69,37,17
C4920,23,13,District-Rewa,Urban,60-69,76,57,81,15,13,148,105,19,14
C4920,23,13,District-Rewa,Urban,70-79,57,38,38,5,5,120,103,9,8
C4920,23,13,District-Rewa,Urban,80-89,23,18,18,2,2,44,44,1,0
C4920,23,13,District-Rewa,Urban,90+,2,7,12,0,0,9,16,2,0
C4920,23,13,District-Rewa,Urban,Age Not Stated,1,2,2,0,0,0,0,0,1
C4920,23,14,District-Umaria,Rural,0-4,54,114,99,7,5,59,36,11,15
C4920,23,14,District-Umaria,Rural,5-9,74,128,131,43,33,93,58,51,48
C4920,23,14,District-Umaria,Rural,10-19,156,238,230,83,62,228,170,126,87
C4920,23,14,District-Umaria,Rural,20-29,126,196,177,61,34,264,160,106,53
C4920,23,14,District-Umaria,Rural,30-39,98,152,138,31,31,241,121,88,58
C4920,23,14,District-Umaria,Rural,40-49,124,128,121,28,16,221,129,58,33
C4920,23,14,District-Umaria,Rural,50-59,116,88,87,15,14,192,119,24,25
C4920,23,14,District-Umaria,Rural,60-69,151,113,80,16,15,212,174,17,17
C4920,23,14,District-Umaria,Rural,70-79,92,64,68,9,3,134,145,3,4
C4920,23,14,District-Umaria,Rural,80-89,36,30,17,1,1,49,36,1,0
C4920,23,14,District-Umaria,Rural,90+,7,4,7,0,0,14,11,2,0
C4920,23,14,District-Umaria,Rural,Age Not Stated,0,2,0,1,0,1,0,1,0
C4920,23,14,District-Umaria,Urban,0-4,1,8,5,0,0,5,6,1,1
C4920,23,14,District-Umaria,Urban,5-9,10,6,4,10,13,10,6,4,5
C4920,23,14,District-Umaria,Urban,10-19,24,22,16,17,17,47,25,28,20
C4920,23,14,District-Umaria,Urban,20-29,17,30,24,11,5,50,42,22,9
C4920,23,14,District-Umaria,Urban,30-39,10,26,15,8,8,49,23,19,17
C4920,23,14,District-Umaria,Urban,40-49,13,24,22,6,5,54,24,13,12
C4920,23,14,District-Umaria,Urban,50-59,13,18,13,5,2,35,13,10,4
C4920,23,14,District-Umaria,Urban,60-69,10,13,6,2,4,31,20,2,5
C4920,23,14,District-Umaria,Urban,70-79,5,3,9,0,1,13,8,0,2
C4920,23,14,District-Umaria,Urban,80-89,2,1,4,0,0,3,7,0,1
C4920,23,14,District-Umaria,Urban,90+,1,1,1,0,0,1,3,0,0
C4920,23,14,District-Umaria,Urban,Age Not Stated,1,0,0,0,0,0,0,0,0
C4920,23,15,District-Neemuch ,Rural,0-4,21,12,14,7,5,40,32,10,3
C4920,23,15,District-Neemuch ,Rural,5-9,33,28,29,46,39,91,55,47,39
C4920,23,15,District-Neemuch ,Rural,10-19,103,95,67,70,59,235,176,160,112
C4920,23,15,District-Neemuch ,Rural,20-29,77,97,48,51,25,558,334,123,66
C4920,23,15,District-Neemuch ,Rural,30-39,75,94,70,35,25,505,279,115,70
C4920,23,15,District-Neemuch ,Rural,40-49,90,76,68,31,21,353,186,72,54
C4920,23,15,District-Neemuch ,Rural,50-59,115,79,73,24,19,281,156,48,34
C4920,23,15,District-Neemuch ,Rural,60-69,121,117,130,26,15,263,225,26,23
C4920,23,15,District-Neemuch ,Rural,70-79,129,101,104,8,9,152,155,11,13
C4920,23,15,District-Neemuch ,Rural,80-89,42,36,51,3,3,56,68,4,2
C4920,23,15,District-Neemuch ,Rural,90+,22,15,14,0,0,21,28,0,1
C4920,23,15,District-Neemuch ,Rural,Age Not Stated,2,0,1,0,0,4,2,1,0
C4920,23,15,District-Neemuch ,Urban,0-4,25,13,14,3,3,11,10,5,2
C4920,23,15,District-Neemuch ,Urban,5-9,43,20,19,12,4,20,15,14,16
C4920,23,15,District-Neemuch ,Urban,10-19,101,48,39,29,18,91,38,78,57
C4920,23,15,District-Neemuch ,Urban,20-29,74,33,25,25,14,145,87,72,46
C4920,23,15,District-Neemuch ,Urban,30-39,52,52,26,14,10,161,104,52,34
C4920,23,15,District-Neemuch ,Urban,40-49,32,37,30,9,7,125,73,57,25
C4920,23,15,District-Neemuch ,Urban,50-59,55,38,29,4,5,111,50,24,24
C4920,23,15,District-Neemuch ,Urban,60-69,46,40,47,8,1,120,68,11,13
C4920,23,15,District-Neemuch ,Urban,70-79,45,35,35,4,3,61,79,4,5
C4920,23,15,District-Neemuch ,Urban,80-89,13,18,21,1,4,28,31,3,1
C4920,23,15,District-Neemuch ,Urban,90+,2,8,5,0,0,6,12,0,0
C4920,23,15,District-Neemuch ,Urban,Age Not Stated,0,0,0,0,0,1,0,0,0
C4920,23,16,District-Mandsaur,Rural,0-4,53,45,38,12,10,79,59,16,18
C4920,23,16,District-Mandsaur,Rural,5-9,86,55,72,68,53,165,101,78,65
C4920,23,16,District-Mandsaur,Rural,10-19,238,178,152,112,86,472,300,213,160
C4920,23,16,District-Mandsaur,Rural,20-29,177,193,110,83,66,935,522,182,115
C4920,23,16,District-Mandsaur,Rural,30-39,137,156,108,60,37,902,521,182,100
C4920,23,16,District-Mandsaur,Rural,40-49,181,152,86,41,30,557,296,142,86
C4920,23,16,District-Mandsaur,Rural,50-59,161,125,76,29,18,433,194,59,49
C4920,23,16,District-Mandsaur,Rural,60-69,202,131,132,22,18,354,233,34,39
C4920,23,16,District-Mandsaur,Rural,70-79,143,82,114,8,5,243,197,14,25
C4920,23,16,District-Mandsaur,Rural,80-89,61,49,51,5,4,80,87,4,2
C4920,23,16,District-Mandsaur,Rural,90+,18,15,12,0,0,22,38,0,5
C4920,23,16,District-Mandsaur,Rural,Age Not Stated,1,1,1,1,1,3,0,0,0
C4920,23,16,District-Mandsaur,Urban,0-4,39,15,14,3,2,9,5,10,6
C4920,23,16,District-Mandsaur,Urban,5-9,31,18,15,15,11,16,14,12,10
C4920,23,16,District-Mandsaur,Urban,10-19,56,47,34,31,29,79,76,65,50
C4920,23,16,District-Mandsaur,Urban,20-29,48,29,36,24,21,153,129,59,46
C4920,23,16,District-Mandsaur,Urban,30-39,63,48,31,14,13,152,105,72,42
C4920,23,16,District-Mandsaur,Urban,40-49,35,44,31,16,19,131,52,55,40
C4920,23,16,District-Mandsaur,Urban,50-59,34,32,15,15,10,100,45,32,11
C4920,23,16,District-Mandsaur,Urban,60-69,28,24,24,8,12,92,55,19,12
C4920,23,16,District-Mandsaur,Urban,70-79,18,14,23,6,5,50,49,4,5
C4920,23,16,District-Mandsaur,Urban,80-89,9,9,12,1,1,16,21,2,2
C4920,23,16,District-Mandsaur,Urban,90+,0,3,3,0,2,5,10,0,0
C4920,23,16,District-Mandsaur,Urban,Age Not Stated,1,0,0,0,1,0,1,0,0
C4920,23,17,District-Ratlam,Rural,0-4,88,113,133,9,6,78,84,11,20
C4920,23,17,District-Ratlam,Rural,5-9,119,184,199,54,40,161,136,56,55
C4920,23,17,District-Ratlam,Rural,10-19,251,389,324,110,60,570,379,203,160
C4920,23,17,District-Ratlam,Rural,20-29,174,238,191,88,35,928,486,157,95
C4920,23,17,District-Ratlam,Rural,30-39,155,235,163,44,32,705,420,149,105
C4920,23,17,District-Ratlam,Rural,40-49,159,225,181,28,21,582,292,143,108
C4920,23,17,District-Ratlam,Rural,50-59,180,173,156,23,16,409,218,82,56
C4920,23,17,District-Ratlam,Rural,60-69,219,154,171,22,12,323,244,38,39
C4920,23,17,District-Ratlam,Rural,70-79,136,120,142,8,7,190,159,11,16
C4920,23,17,District-Ratlam,Rural,80-89,76,49,53,5,5,49,73,1,9
C4920,23,17,District-Ratlam,Rural,90+,19,18,22,1,0,11,26,1,1
C4920,23,17,District-Ratlam,Rural,Age Not Stated,1,4,1,0,0,2,4,1,0
C4920,23,17,District-Ratlam,Urban,0-4,25,35,34,6,5,29,11,7,8
C4920,23,17,District-Ratlam,Urban,5-9,41,35,30,28,21,43,31,26,24
C4920,23,17,District-Ratlam,Urban,10-19,80,76,80,63,50,171,99,92,65
C4920,23,17,District-Ratlam,Urban,20-29,78,100,65,51,36,265,172,110,72
C4920,23,17,District-Ratlam,Urban,30-39,78,94,63,29,40,226,112,93,69
C4920,23,17,District-Ratlam,Urban,40-49,68,93,48,32,20,204,91,87,51
C4920,23,17,District-Ratlam,Urban,50-59,72,72,48,25,16,155,96,52,31
C4920,23,17,District-Ratlam,Urban,60-69,60,73,38,20,16,143,89,15,19
C4920,23,17,District-Ratlam,Urban,70-79,26,52,41,9,4,77,69,5,9
C4920,23,17,District-Ratlam,Urban,80-89,19,25,28,4,2,36,36,3,1
C4920,23,17,District-Ratlam,Urban,90+,2,3,8,0,1,7,14,1,0
C4920,23,17,District-Ratlam,Urban,Age Not Stated,0,0,0,0,0,1,0,0,0
C4920,23,18,District-Ujjain,Rural,0-4,77,118,142,9,8,95,73,32,28
C4920,23,18,District-Ujjain,Rural,5-9,121,170,188,95,51,174,107,137,90
C4920,23,18,District-Ujjain,Rural,10-19,241,366,337,136,84,564,337,342,224
C4920,23,18,District-Ujjain,Rural,20-29,207,286,290,70,44,890,451,257,137
C4920,23,18,District-Ujjain,Rural,30-39,194,253,239,61,34,870,440,232,152
C4920,23,18,District-Ujjain,Rural,40-49,221,267,182,59,29,630,277,191,109
C4920,23,18,District-Ujjain,Rural,50-59,212,175,184,25,17,479,240,88,77
C4920,23,18,District-Ujjain,Rural,60-69,289,218,228,28,19,421,284,51,76
C4920,23,18,District-Ujjain,Rural,70-79,244,135,171,14,11,239,231,16,27
C4920,23,18,District-Ujjain,Rural,80-89,121,63,88,1,2,109,120,4,6
C4920,23,18,District-Ujjain,Rural,90+,40,34,43,0,1,33,49,2,5
C4920,23,18,District-Ujjain,Rural,Age Not Stated,5,6,2,1,2,0,2,1,1
C4920,23,18,District-Ujjain,Urban,0-4,77,58,49,4,5,39,28,21,16
C4920,23,18,District-Ujjain,Urban,5-9,71,66,48,46,32,71,45,58,40
C4920,23,18,District-Ujjain,Urban,10-19,125,163,146,67,45,249,139,217,159
C4920,23,18,District-Ujjain,Urban,20-29,158,181,140,57,59,423,267,212,148
C4920,23,18,District-Ujjain,Urban,30-39,137,174,108,50,44,449,272,187,126
C4920,23,18,District-Ujjain,Urban,40-49,109,128,109,44,35,335,194,162,80
C4920,23,18,District-Ujjain,Urban,50-59,96,84,79,22,18,278,146,85,49
C4920,23,18,District-Ujjain,Urban,60-69,93,85,98,17,15,266,186,28,33
C4920,23,18,District-Ujjain,Urban,70-79,81,80,92,7,9,161,159,14,15
C4920,23,18,District-Ujjain,Urban,80-89,29,37,43,4,5,63,78,3,6
C4920,23,18,District-Ujjain,Urban,90+,10,14,23,1,2,13,35,2,1
C4920,23,18,District-Ujjain,Urban,Age Not Stated,3,4,3,0,1,1,1,0,6
C4920,23,19,District-Shajapur,Rural,0-4,66,87,76,9,6,94,72,27,21
C4920,23,19,District-Shajapur,Rural,5-9,126,142,110,89,55,219,114,85,59
C4920,23,19,District-Shajapur,Rural,10-19,292,313,259,142,78,604,414,231,161
C4920,23,19,District-Shajapur,Rural,20-29,248,246,177,91,52,1055,508,215,114
C4920,23,19,District-Shajapur,Rural,30-39,200,220,164,63,39,1004,526,181,110
C4920,23,19,District-Shajapur,Rural,40-49,204,194,153,47,37,640,300,158,90
C4920,23,19,District-Shajapur,Rural,50-59,209,169,94,44,17,450,249,81,61
C4920,23,19,District-Shajapur,Rural,60-69,358,222,187,26,26,477,355,50,54
C4920,23,19,District-Shajapur,Rural,70-79,351,230,206,15,21,376,324,16,32
C4920,23,19,District-Shajapur,Rural,80-89,154,100,120,3,8,173,187,4,5
C4920,23,19,District-Shajapur,Rural,90+,62,44,36,0,1,39,60,2,3
C4920,23,19,District-Shajapur,Rural,Age Not Stated,3,14,6,0,2,3,2,1,0
C4920,23,19,District-Shajapur,Urban,0-4,32,17,22,2,2,27,21,8,5
C4920,23,19,District-Shajapur,Urban,5-9,40,34,24,28,25,36,21,15,14
C4920,23,19,District-Shajapur,Urban,10-19,83,77,56,42,33,131,75,68,46
C4920,23,19,District-Shajapur,Urban,20-29,71,66,43,30,18,221,141,75,55
C4920,23,19,District-Shajapur,Urban,30-39,54,52,43,24,16,245,141,68,37
C4920,23,19,District-Shajapur,Urban,40-49,65,59,34,19,13,191,80,60,22
C4920,23,19,District-Shajapur,Urban,50-59,50,43,28,11,4,140,72,29,23
C4920,23,19,District-Shajapur,Urban,60-69,59,28,28,8,11,138,83,18,12
C4920,23,19,District-Shajapur,Urban,70-79,47,39,31,11,6,78,67,2,3
C4920,23,19,District-Shajapur,Urban,80-89,14,17,26,3,1,27,24,2,2
C4920,23,19,District-Shajapur,Urban,90+,5,4,5,1,2,9,5,0,1
C4920,23,19,District-Shajapur,Urban,Age Not Stated,2,0,0,0,0,0,0,0,0
C4920,23,20,District-Dewas,Rural,0-4,126,99,94,6,8,66,50,20,12
C4920,23,20,District-Dewas,Rural,5-9,170,113,111,67,50,185,119,77,52
C4920,23,20,District-Dewas,Rural,10-19,377,351,257,114,75,636,386,255,179
C4920,23,20,District-Dewas,Rural,20-29,248,233,132,78,44,833,402,185,110
C4920,23,20,District-Dewas,Rural,30-39,211,227,138,49,26,841,444,165,84
C4920,23,20,District-Dewas,Rural,40-49,211,156,135,62,32,472,255,146,81
C4920,23,20,District-Dewas,Rural,50-59,240,157,141,35,16,351,183,67,52
C4920,23,20,District-Dewas,Rural,60-69,277,191,185,30,7,296,187,40,33
C4920,23,20,District-Dewas,Rural,70-79,234,151,191,12,3,210,230,21,17
C4920,23,20,District-Dewas,Rural,80-89,116,93,109,5,5,94,115,7,5
C4920,23,20,District-Dewas,Rural,90+,38,35,46,1,2,34,43,1,1
C4920,23,20,District-Dewas,Rural,Age Not Stated,1,1,1,0,0,2,1,2,0
C4920,23,20,District-Dewas,Urban,0-4,40,46,40,3,5,22,28,18,13
C4920,23,20,District-Dewas,Urban,5-9,51,42,50,34,19,53,26,29,25
C4920,23,20,District-Dewas,Urban,10-19,132,124,99,57,59,172,118,108,98
C4920,23,20,District-Dewas,Urban,20-29,104,93,97,29,24,343,207,107,79
C4920,23,20,District-Dewas,Urban,30-39,107,107,75,23,27,301,147,84,57
C4920,23,20,District-Dewas,Urban,40-49,104,84,65,37,21,248,118,79,46
C4920,23,20,District-Dewas,Urban,50-59,84,53,37,15,11,174,66,41,18
C4920,23,20,District-Dewas,Urban,60-69,62,55,41,15,9,116,91,19,13
C4920,23,20,District-Dewas,Urban,70-79,45,42,30,7,1,68,56,7,4
C4920,23,20,District-Dewas,Urban,80-89,25,16,19,2,0,21,32,3,3
C4920,23,20,District-Dewas,Urban,90+,6,6,9,0,1,7,16,0,0
C4920,23,20,District-Dewas,Urban,Age Not Stated,1,0,0,0,0,0,0,1,0
C4920,23,21,District-Dhar,Rural,0-4,250,253,257,17,6,92,95,39,47
C4920,23,21,District-Dhar,Rural,5-9,276,326,295,83,59,204,150,91,107
C4920,23,21,District-Dhar,Rural,10-19,585,635,579,193,140,898,710,269,234
C4920,23,21,District-Dhar,Rural,20-29,410,499,405,102,80,1198,694,211,187
C4920,23,21,District-Dhar,Rural,30-39,373,483,338,93,64,972,540,229,174
C4920,23,21,District-Dhar,Rural,40-49,332,327,264,54,45,548,302,163,127
C4920,23,21,District-Dhar,Rural,50-59,268,253,190,36,27,415,221,78,70
C4920,23,21,District-Dhar,Rural,60-69,261,211,201,36,21,313,235,40,40
C4920,23,21,District-Dhar,Rural,70-79,163,117,173,19,10,196,198,14,20
C4920,23,21,District-Dhar,Rural,80-89,67,60,70,7,6,60,91,2,4
C4920,23,21,District-Dhar,Rural,90+,25,23,32,3,5,18,30,1,2
C4920,23,21,District-Dhar,Rural,Age Not Stated,6,5,5,1,0,3,2,0,0
C4920,23,21,District-Dhar,Urban,0-4,53,73,55,6,0,24,20,10,7
C4920,23,21,District-Dhar,Urban,5-9,65,90,70,24,21,31,19,19,17
C4920,23,21,District-Dhar,Urban,10-19,143,149,136,55,59,133,98,73,48
C4920,23,21,District-Dhar,Urban,20-29,111,162,133,59,41,216,157,70,53
C4920,23,21,District-Dhar,Urban,30-39,105,130,99,46,34,223,116,69,39
C4920,23,21,District-Dhar,Urban,40-49,82,103,77,29,15,161,71,52,27
C4920,23,21,District-Dhar,Urban,50-59,50,52,41,18,9,119,57,30,10
C4920,23,21,District-Dhar,Urban,60-69,48,47,36,11,9,65,45,11,12
C4920,23,21,District-Dhar,Urban,70-79,26,36,36,5,6,37,34,4,2
C4920,23,21,District-Dhar,Urban,80-89,10,15,16,0,2,11,15,0,2
C4920,23,21,District-Dhar,Urban,90+,5,8,6,0,1,2,6,0,0
C4920,23,21,District-Dhar,Urban,Age Not Stated,2,0,0,1,0,0,0,0,0
C4920,23,22,District-Indore,Rural,0-4,97,131,89,9,7,59,50,21,22
C4920,23,22,District-Indore,Rural,5-9,126,127,149,51,41,100,79,79,56
C4920,23,22,District-Indore,Rural,10-19,238,276,259,105,66,322,168,193,146
C4920,23,22,District-Indore,Rural,20-29,193,248,219,73,49,457,243,139,93
C4920,23,22,District-Indore,Rural,30-39,187,263,186,63,43,516,285,114,87
C4920,23,22,District-Indore,Rural,40-49,152,219,113,36,27,417,173,117,76
C4920,23,22,District-Indore,Rural,50-59,138,168,109,32,19,295,145,59,45
C4920,23,22,District-Indore,Rural,60-69,165,132,139,23,14,276,153,27,32
C4920,23,22,District-Indore,Rural,70-79,113,108,103,9,11,139,128,4,14
C4920,23,22,District-Indore,Rural,80-89,50,58,65,5,4,47,74,2,6
C4920,23,22,District-Indore,Rural,90+,22,16,27,1,1,15,30,2,2
C4920,23,22,District-Indore,Rural,Age Not Stated,3,6,2,1,1,5,0,0,0
C4920,23,22,District-Indore,Urban,0-4,549,533,535,34,25,77,68,82,60
C4920,23,22,District-Indore,Urban,5-9,581,595,580,150,125,137,93,143,114
C4920,23,22,District-Indore,Urban,10-19,1317,1292,1241,365,271,448,292,548,343
C4920,23,22,District-Indore,Urban,20-29,1430,1469,1449,327,264,857,544,535,364
C4920,23,22,District-Indore,Urban,30-39,1192,1383,1172,288,224,894,555,432,316
C4920,23,22,District-Indore,Urban,40-49,961,1124,869,214,173,820,375,390,238
C4920,23,22,District-Indore,Urban,50-59,686,809,571,159,110,675,309,197,133
C4920,23,22,District-Indore,Urban,60-69,510,556,456,93,83,561,344,98,81
C4920,23,22,District-Indore,Urban,70-79,269,339,283,62,44,345,275,41,34
C4920,23,22,District-Indore,Urban,80-89,93,142,138,21,19,108,151,11,9
C4920,23,22,District-Indore,Urban,90+,28,50,62,8,5,30,50,3,5
C4920,23,22,District-Indore,Urban,Age Not Stated,27,30,25,6,3,8,13,7,4
C4920,23,23,District-Khargone (West Nimar),Rural,0-4,189,187,175,11,7,92,93,45,31
C4920,23,23,District-Khargone (West Nimar),Rural,5-9,253,247,236,72,61,182,132,76,71
C4920,23,23,District-Khargone (West Nimar),Rural,10-19,516,506,459,140,112,796,618,252,190
C4920,23,23,District-Khargone (West Nimar),Rural,20-29,350,388,337,111,75,1140,655,264,167
C4920,23,23,District-Khargone (West Nimar),Rural,30-39,264,350,307,84,46,1052,554,239,155
C4920,23,23,District-Khargone (West Nimar),Rural,40-49,240,334,262,72,54,626,339,183,135
C4920,23,23,District-Khargone (West Nimar),Rural,50-59,273,246,207,54,27,471,233,84,72
C4920,23,23,District-Khargone (West Nimar),Rural,60-69,320,236,257,26,23,425,310,57,36
C4920,23,23,District-Khargone (West Nimar),Rural,70-79,273,206,236,17,9,279,274,22,18
C4920,23,23,District-Khargone (West Nimar),Rural,80-89,139,85,123,6,5,86,139,2,7
C4920,23,23,District-Khargone (West Nimar),Rural,90+,27,28,37,3,5,30,47,4,3
C4920,23,23,District-Khargone (West Nimar),Rural,Age Not Stated,2,4,4,3,0,2,0,3,2
C4920,23,23,District-Khargone (West Nimar),Urban,0-4,11,26,23,0,4,20,22,3,3
C4920,23,23,District-Khargone (West Nimar),Urban,5-9,23,34,23,23,11,38,34,22,17
C4920,23,23,District-Khargone (West Nimar),Urban,10-19,71,82,81,38,35,126,113,63,62
C4920,23,23,District-Khargone (West Nimar),Urban,20-29,53,79,61,30,27,242,157,74,59
C4920,23,23,District-Khargone (West Nimar),Urban,30-39,51,69,64,26,26,220,123,70,47
C4920,23,23,District-Khargone (West Nimar),Urban,40-49,49,75,50,21,10,143,86,65,44
C4920,23,23,District-Khargone (West Nimar),Urban,50-59,35,66,37,15,13,103,60,22,24
C4920,23,23,District-Khargone (West Nimar),Urban,60-69,53,58,38,16,9,107,71,15,6
C4920,23,23,District-Khargone (West Nimar),Urban,70-79,42,47,38,3,6,71,63,6,7
C4920,23,23,District-Khargone (West Nimar),Urban,80-89,16,10,14,2,0,15,31,0,2
C4920,23,23,District-Khargone (West Nimar),Urban,90+,1,2,11,0,1,8,7,0,0
C4920,23,23,District-Khargone (West Nimar),Urban,Age Not Stated,0,1,3,0,0,0,0,0,0
C4920,23,24,District-Barwani ,Rural,0-4,107,75,83,6,1,87,71,25,20
C4920,23,24,District-Barwani ,Rural,5-9,124,130,138,44,38,151,90,50,35
C4920,23,24,District-Barwani ,Rural,10-19,282,273,269,88,97,684,478,152,130
C4920,23,24,District-Barwani ,Rural,20-29,175,188,148,66,48,649,409,147,111
C4920,23,24,District-Barwani ,Rural,30-39,138,223,124,52,28,601,281,164,116
C4920,23,24,District-Barwani ,Rural,40-49,120,181,118,36,27,298,195,137,63
C4920,23,24,District-Barwani ,Rural,50-59,122,160,110,20,16,238,137,53,51
C4920,23,24,District-Barwani ,Rural,60-69,157,151,147,8,12,198,167,25,27
C4920,23,24,District-Barwani ,Rural,70-79,102,96,92,5,9,117,117,13,9
C4920,23,24,District-Barwani ,Rural,80-89,42,38,43,4,3,26,45,2,3
C4920,23,24,District-Barwani ,Rural,90+,9,15,13,0,0,13,35,1,4
C4920,23,24,District-Barwani ,Rural,Age Not Stated,2,3,2,0,0,3,2,1,1
C4920,23,24,District-Barwani ,Urban,0-4,17,16,20,2,2,8,6,9,9
C4920,23,24,District-Barwani ,Urban,5-9,27,25,18,11,12,23,21,10,10
C4920,23,24,District-Barwani ,Urban,10-19,46,56,44,33,23,71,51,36,27
C4920,23,24,District-Barwani ,Urban,20-29,31,53,45,21,14,112,95,41,26
C4920,23,24,District-Barwani ,Urban,30-39,24,51,31,21,14,139,75,47,36
C4920,23,24,District-Barwani ,Urban,40-49,32,50,33,12,11,108,51,32,32
C4920,23,24,District-Barwani ,Urban,50-59,23,24,18,15,13,71,21,19,15
C4920,23,24,District-Barwani ,Urban,60-69,31,28,41,11,5,70,36,10,9
C4920,23,24,District-Barwani ,Urban,70-79,28,36,34,5,2,50,34,1,4
C4920,23,24,District-Barwani ,Urban,80-89,7,12,17,2,1,11,21,0,1
C4920,23,24,District-Barwani ,Urban,90+,1,4,3,0,0,6,6,1,0
C4920,23,24,District-Barwani ,Urban,Age Not Stated,0,1,0,0,0,2,0,0,0
C4920,23,25,District-Rajgarh,Rural,0-4,71,136,125,14,11,109,95,27,22
C4920,23,25,District-Rajgarh,Rural,5-9,143,186,193,101,79,220,161,93,61
C4920,23,25,District-Rajgarh,Rural,10-19,389,486,367,195,149,649,444,292,191
C4920,23,25,District-Rajgarh,Rural,20-29,293,407,296,132,78,1214,598,224,132
C4920,23,25,District-Rajgarh,Rural,30-39,270,366,261,72,64,1010,565,210,129
C4920,23,25,District-Rajgarh,Rural,40-49,279,310,208,84,40,732,357,176,120
C4920,23,25,District-Rajgarh,Rural,50-59,264,200,170,51,32,506,346,80,55
C4920,23,25,District-Rajgarh,Rural,60-69,470,387,330,50,40,735,582,75,73
C4920,23,25,District-Rajgarh,Rural,70-79,443,311,263,31,27,511,464,27,35
C4920,23,25,District-Rajgarh,Rural,80-89,207,142,130,13,12,242,205,7,8
C4920,23,25,District-Rajgarh,Rural,90+,53,48,43,3,4,67,77,4,3
C4920,23,25,District-Rajgarh,Rural,Age Not Stated,3,3,2,0,0,3,0,0,2
C4920,23,25,District-Rajgarh,Urban,0-4,27,19,9,3,2,24,12,7,2
C4920,23,25,District-Rajgarh,Urban,5-9,29,20,17,31,17,38,20,19,17
C4920,23,25,District-Rajgarh,Urban,10-19,82,66,46,42,26,146,82,101,68
C4920,23,25,District-Rajgarh,Urban,20-29,82,59,33,24,24,235,136,58,40
C4920,23,25,District-Rajgarh,Urban,30-39,74,55,39,22,22,193,124,65,38
C4920,23,25,District-Rajgarh,Urban,40-49,73,49,30,16,13,191,88,74,31
C4920,23,25,District-Rajgarh,Urban,50-59,114,32,39,10,12,130,59,35,11
C4920,23,25,District-Rajgarh,Urban,60-69,81,50,50,6,3,139,72,18,13
C4920,23,25,District-Rajgarh,Urban,70-79,49,40,40,4,3,68,55,4,4
C4920,23,25,District-Rajgarh,Urban,80-89,21,14,18,0,1,22,24,3,0
C4920,23,25,District-Rajgarh,Urban,90+,5,6,8,0,0,3,3,0,0
C4920,23,25,District-Rajgarh,Urban,Age Not Stated,0,0,0,0,1,1,0,0,0
C4920,23,26,District-Vidisha,Rural,0-4,103,81,85,10,16,116,80,15,13
C4920,23,26,District-Vidisha,Rural,5-9,134,152,111,83,99,213,146,69,58
C4920,23,26,District-Vidisha,Rural,10-19,330,336,234,193,125,700,353,227,121
C4920,23,26,District-Vidisha,Rural,20-29,268,246,138,129,69,985,375,226,108
C4920,23,26,District-Vidisha,Rural,30-39,216,277,108,84,46,765,319,180,88
C4920,23,26,District-Vidisha,Rural,40-49,199,203,126,51,40,554,207,135,60
C4920,23,26,District-Vidisha,Rural,50-59,227,158,139,30,23,376,182,68,43
C4920,23,26,District-Vidisha,Rural,60-69,354,257,223,32,26,492,326,35,62
C4920,23,26,District-Vidisha,Rural,70-79,283,242,200,15,11,316,249,21,17
C4920,23,26,District-Vidisha,Rural,80-89,119,107,83,2,4,126,100,5,2
C4920,23,26,District-Vidisha,Rural,90+,38,31,31,1,1,47,46,1,1
C4920,23,26,District-Vidisha,Rural,Age Not Stated,3,1,4,0,0,1,1,0,0
C4920,23,26,District-Vidisha,Urban,0-4,32,42,29,8,1,28,15,6,13
C4920,23,26,District-Vidisha,Urban,5-9,47,37,36,28,21,49,38,20,19
C4920,23,26,District-Vidisha,Urban,10-19,113,102,95,58,47,168,108,88,57
C4920,23,26,District-Vidisha,Urban,20-29,75,76,75,39,35,228,135,84,58
C4920,23,26,District-Vidisha,Urban,30-39,66,103,56,20,24,219,112,75,47
C4920,23,26,District-Vidisha,Urban,40-49,59,92,47,35,21,212,87,69,41
C4920,23,26,District-Vidisha,Urban,50-59,39,57,36,19,11,138,66,24,19
C4920,23,26,District-Vidisha,Urban,60-69,63,64,57,5,6,172,106,18,15
C4920,23,26,District-Vidisha,Urban,70-79,51,58,53,7,3,93,62,5,3
C4920,23,26,District-Vidisha,Urban,80-89,13,16,14,1,2,28,37,0,2
C4920,23,26,District-Vidisha,Urban,90+,5,4,8,1,2,10,12,0,3
C4920,23,26,District-Vidisha,Urban,Age Not Stated,1,1,1,0,0,1,0,0,0
C4920,23,27,District-Bhopal,Rural,0-4,58,47,42,5,7,28,27,17,8
C4920,23,27,District-Bhopal,Rural,5-9,49,84,63,49,35,81,51,55,35
C4920,23,27,District-Bhopal,Rural,10-19,180,154,136,95,58,246,142,131,90
C4920,23,27,District-Bhopal,Rural,20-29,112,163,97,44,22,365,178,103,63
C4920,23,27,District-Bhopal,Rural,30-39,99,120,85,38,28,278,129,78,50
C4920,23,27,District-Bhopal,Rural,40-49,76,96,69,17,19,203,88,75,39
C4920,23,27,District-Bhopal,Rural,50-59,83,69,56,15,11,136,72,20,31
C4920,23,27,District-Bhopal,Rural,60-69,112,69,65,18,12,159,107,19,13
C4920,23,27,District-Bhopal,Rural,70-79,91,68,70,10,9,99,80,9,5
C4920,23,27,District-Bhopal,Rural,80-89,38,30,30,3,2,52,37,5,3
C4920,23,27,District-Bhopal,Rural,90+,26,18,19,0,1,15,14,1,2
C4920,23,27,District-Bhopal,Rural,Age Not Stated,4,2,2,2,1,2,2,3,0
C4920,23,27,District-Bhopal,Urban,0-4,843,755,774,35,44,113,85,109,100
C4920,23,27,District-Bhopal,Urban,5-9,878,813,844,227,190,140,91,200,142
C4920,23,27,District-Bhopal,Urban,10-19,2082,1962,1811,473,388,535,337,584,392
C4920,23,27,District-Bhopal,Urban,20-29,2099,1911,1902,456,406,859,491,528,429
C4920,23,27,District-Bhopal,Urban,30-39,1697,1611,1573,355,275,786,424,442,300
C4920,23,27,District-Bhopal,Urban,40-49,1278,1379,1109,299,196,687,335,296,238
C4920,23,27,District-Bhopal,Urban,50-59,822,868,695,204,128,545,270,169,156
C4920,23,27,District-Bhopal,Urban,60-69,591,579,519,135,89,518,347,88,81
C4920,23,27,District-Bhopal,Urban,70-79,252,332,289,47,28,275,204,48,41
C4920,23,27,District-Bhopal,Urban,80-89,84,106,116,10,14,90,89,11,24
C4920,23,27,District-Bhopal,Urban,90+,36,43,52,9,15,36,29,8,7
C4920,23,27,District-Bhopal,Urban,Age Not Stated,46,73,73,21,8,9,13,14,6
C4920,23,28,District-Sehore,Rural,0-4,111,76,81,15,15,103,82,25,31
C4920,23,28,District-Sehore,Rural,5-9,150,120,110,110,79,195,134,93,81
C4920,23,28,District-Sehore,Rural,10-19,341,308,242,164,108,690,410,317,199
C4920,23,28,District-Sehore,Rural,20-29,244,300,165,110,59,1220,499,248,140
C4920,23,28,District-Sehore,Rural,30-39,211,240,149,77,50,1053,488,229,135
C4920,23,28,District-Sehore,Rural,40-49,252,235,152,63,40,631,341,202,119
C4920,23,28,District-Sehore,Rural,50-59,259,202,167,36,30,474,286,89,81
C4920,23,28,District-Sehore,Rural,60-69,445,313,292,37,30,566,521,75,64
C4920,23,28,District-Sehore,Rural,70-79,436,399,334,22,13,517,506,35,42
C4920,23,28,District-Sehore,Rural,80-89,212,186,179,6,9,242,287,9,12
C4920,23,28,District-Sehore,Rural,90+,76,58,61,2,1,101,137,3,4
C4920,23,28,District-Sehore,Rural,Age Not Stated,0,0,0,0,0,3,3,0,1
C4920,23,28,District-Sehore,Urban,0-4,35,32,21,2,5,12,12,13,6
C4920,23,28,District-Sehore,Urban,5-9,37,32,31,19,10,26,20,28,17
C4920,23,28,District-Sehore,Urban,10-19,100,92,68,44,35,113,76,95,68
C4920,23,28,District-Sehore,Urban,20-29,100,75,70,31,28,203,146,79,51
C4920,23,28,District-Sehore,Urban,30-39,63,53,50,25,12,213,102,56,38
C4920,23,28,District-Sehore,Urban,40-49,59,59,37,18,13,167,58,49,23
C4920,23,28,District-Sehore,Urban,50-59,46,35,35,14,9,112,47,25,20
C4920,23,28,District-Sehore,Urban,60-69,43,39,29,9,5,86,59,14,6
C4920,23,28,District-Sehore,Urban,70-79,29,29,24,1,4,56,42,6,10
C4920,23,28,District-Sehore,Urban,80-89,21,15,17,1,1,22,27,4,2
C4920,23,28,District-Sehore,Urban,90+,3,4,3,0,2,10,12,0,0
C4920,23,28,District-Sehore,Urban,Age Not Stated,0,0,2,0,0,0,2,1,1
C4920,23,29,District-Raisen,Rural,0-4,125,112,111,12,9,106,67,24,24
C4920,23,29,District-Raisen,Rural,5-9,180,152,144,105,56,161,102,56,56
C4920,23,29,District-Raisen,Rural,10-19,393,348,266,174,104,525,317,246,155
C4920,23,29,District-Raisen,Rural,20-29,305,270,170,108,69,728,287,212,114
C4920,23,29,District-Raisen,Rural,30-39,257,266,170,95,55,492,208,173,119
C4920,23,29,District-Raisen,Rural,40-49,279,235,168,53,28,436,201,159,88
C4920,23,29,District-Raisen,Rural,50-59,249,174,121,35,19,338,181,71,46
C4920,23,29,District-Raisen,Rural,60-69,326,242,223,30,24,434,336,34,46
C4920,23,29,District-Raisen,Rural,70-79,267,220,185,16,10,381,279,22,14
C4920,23,29,District-Raisen,Rural,80-89,97,107,104,2,8,153,143,7,5
C4920,23,29,District-Raisen,Rural,90+,29,31,29,2,3,67,42,2,4
C4920,23,29,District-Raisen,Rural,Age Not Stated,0,2,1,2,1,0,0,0,0
C4920,23,29,District-Raisen,Urban,0-4,34,23,22,7,2,34,15,6,1
C4920,23,29,District-Raisen,Urban,5-9,47,30,23,21,25,42,29,19,10
C4920,23,29,District-Raisen,Urban,10-19,102,88,64,47,31,141,86,67,44
C4920,23,29,District-Raisen,Urban,20-29,59,73,40,39,20,207,89,81,43
C4920,23,29,District-Raisen,Urban,30-39,56,70,52,26,19,167,70,56,28
C4920,23,29,District-Raisen,Urban,40-49,51,72,42,20,12,161,58,31,18
C4920,23,29,District-Raisen,Urban,50-59,38,42,19,11,9,101,43,20,11
C4920,23,29,District-Raisen,Urban,60-69,42,36,25,14,9,96,46,15,11
C4920,23,29,District-Raisen,Urban,70-79,30,25,29,2,2,53,31,6,5
C4920,23,29,District-Raisen,Urban,80-89,20,19,11,2,1,18,16,2,2
C4920,23,29,District-Raisen,Urban,90+,4,5,6,1,0,6,12,0,0
C4920,23,29,District-Raisen,Urban,Age Not Stated,0,0,0,1,0,1,0,0,0
C4920,23,30,District-Betul,Rural,0-4,103,72,78,11,10,120,83,30,26
C4920,23,30,District-Betul,Rural,5-9,153,122,98,74,62,168,138,92,86
C4920,23,30,District-Betul,Rural,10-19,493,301,297,169,139,555,421,318,290
C4920,23,30,District-Betul,Rural,20-29,310,262,196,98,94,863,483,245,198
C4920,23,30,District-Betul,Rural,30-39,278,229,150,94,66,709,326,230,184
C4920,23,30,District-Betul,Rural,40-49,332,264,184,70,55,709,354,195,127
C4920,23,30,District-Betul,Rural,50-59,327,250,175,46,38,575,377,106,65
C4920,23,30,District-Betul,Rural,60-69,410,272,281,30,30,606,512,45,64
C4920,23,30,District-Betul,Rural,70-79,413,302,281,15,27,449,453,20,33
C4920,23,30,District-Betul,Rural,80-89,185,123,79,5,5,199,182,8,11
C4920,23,30,District-Betul,Rural,90+,46,32,28,1,4,53,54,6,3
C4920,23,30,District-Betul,Rural,Age Not Stated,5,3,3,0,1,2,3,2,2
C4920,23,30,District-Betul,Urban,0-4,12,13,7,1,1,19,9,4,3
C4920,23,30,District-Betul,Urban,5-9,20,16,20,16,13,33,22,25,13
C4920,23,30,District-Betul,Urban,10-19,70,71,51,40,24,142,88,77,62
C4920,23,30,District-Betul,Urban,20-29,62,61,47,31,26,211,109,83,63
C4920,23,30,District-Betul,Urban,30-39,44,64,42,23,11,180,87,66,41
C4920,23,30,District-Betul,Urban,40-49,52,51,43,18,19,197,88,58,41
C4920,23,30,District-Betul,Urban,50-59,56,47,44,12,4,162,74,40,15
C4920,23,30,District-Betul,Urban,60-69,39,42,34,13,7,130,80,13,15
C4920,23,30,District-Betul,Urban,70-79,32,44,43,8,4,82,76,4,5
C4920,23,30,District-Betul,Urban,80-89,10,20,18,1,2,37,27,0,1
C4920,23,30,District-Betul,Urban,90+,4,14,2,1,0,5,16,0,0
C4920,23,30,District-Betul,Urban,Age Not Stated,1,1,0,0,0,1,0,2,0
C4920,23,31,District-Harda ,Rural,0-4,59,42,29,6,3,39,32,16,12
C4920,23,31,District-Harda ,Rural,5-9,89,63,47,45,30,68,47,33,36
C4920,23,31,District-Harda ,Rural,10-19,210,159,111,73,42,208,155,137,103
C4920,23,31,District-Harda ,Rural,20-29,155,107,75,40,22,289,138,102,49
C4920,23,31,District-Harda ,Rural,30-39,126,89,70,39,17,212,110,88,52
C4920,23,31,District-Harda ,Rural,40-49,124,96,54,25,9,189,103,67,36
C4920,23,31,District-Harda ,Rural,50-59,127,71,61,16,16,148,69,35,25
C4920,23,31,District-Harda ,Rural,60-69,139,80,63,8,13,147,93,18,19
C4920,23,31,District-Harda ,Rural,70-79,98,83,78,6,6,103,107,5,10
C4920,23,31,District-Harda ,Rural,80-89,40,35,42,4,3,50,45,2,2
C4920,23,31,District-Harda ,Rural,90+,17,20,13,1,1,11,14,2,1
C4920,23,31,District-Harda ,Rural,Age Not Stated,0,1,1,2,0,1,1,2,1
C4920,23,31,District-Harda ,Urban,0-4,8,6,12,0,3,9,3,4,3
C4920,23,31,District-Harda ,Urban,5-9,11,12,6,3,8,14,10,3,10
C4920,23,31,District-Harda ,Urban,10-19,58,25,15,22,18,38,30,37,23
C4920,23,31,District-Harda ,Urban,20-29,34,26,25,8,6,56,41,24,23
C4920,23,31,District-Harda ,Urban,30-39,23,31,23,10,7,60,24,36,15
C4920,23,31,District-Harda ,Urban,40-49,27,22,14,9,7,59,31,28,11
C4920,23,31,District-Harda ,Urban,50-59,25,20,11,6,2,54,18,14,8
C4920,23,31,District-Harda ,Urban,60-69,20,15,18,4,6,41,22,10,1
C4920,23,31,District-Harda ,Urban,70-79,13,7,9,2,0,28,21,2,3
C4920,23,31,District-Harda ,Urban,80-89,1,4,5,1,1,5,11,0,1
C4920,23,31,District-Harda ,Urban,90+,0,5,1,0,0,0,3,1,0
C4920,23,31,District-Harda ,Urban,Age Not Stated,0,0,0,0,0,0,0,0,0
C4920,23,32,District-Hoshangabad,Rural,0-4,60,54,32,10,8,88,59,18,20
C4920,23,32,District-Hoshangabad,Rural,5-9,122,96,77,75,44,140,102,65,65
C4920,23,32,District-Hoshangabad,Rural,10-19,309,259,172,140,98,505,286,248,167
C4920,23,32,District-Hoshangabad,Rural,20-29,238,223,122,92,62,700,348,223,125
C4920,23,32,District-Hoshangabad,Rural,30-39,220,194,119,68,52,526,222,211,105
C4920,23,32,District-Hoshangabad,Rural,40-49,236,209,123,51,27,498,219,163,89
C4920,23,32,District-Hoshangabad,Rural,50-59,249,156,119,34,25,365,182,86,54
C4920,23,32,District-Hoshangabad,Rural,60-69,289,179,191,34,31,396,281,41,42
C4920,23,32,District-Hoshangabad,Rural,70-79,248,154,176,13,10,273,225,21,19
C4920,23,32,District-Hoshangabad,Rural,80-89,93,80,76,3,2,134,115,6,8
C4920,23,32,District-Hoshangabad,Rural,90+,20,13,9,1,0,20,27,1,3
C4920,23,32,District-Hoshangabad,Rural,Age Not Stated,2,1,4,0,1,2,0,0,0
C4920,23,32,District-Hoshangabad,Urban,0-4,28,19,19,5,2,23,10,10,9
C4920,23,32,District-Hoshangabad,Urban,5-9,31,37,28,24,23,51,20,27,11
C4920,23,32,District-Hoshangabad,Urban,10-19,110,96,85,69,40,149,100,103,69
C4920,23,32,District-Hoshangabad,Urban,20-29,84,95,73,44,25,291,125,89,75
C4920,23,32,District-Hoshangabad,Urban,30-39,80,105,71,50,38,275,110,89,63
C4920,23,32,District-Hoshangabad,Urban,40-49,70,94,53,31,24,233,79,78,50
C4920,23,32,District-Hoshangabad,Urban,50-59,65,79,40,31,18,211,71,41,23
C4920,23,32,District-Hoshangabad,Urban,60-69,54,83,72,16,10,170,121,21,24
C4920,23,32,District-Hoshangabad,Urban,70-79,50,51,53,5,12,106,97,6,9
C4920,23,32,District-Hoshangabad,Urban,80-89,12,26,33,1,2,39,47,1,4
C4920,23,32,District-Hoshangabad,Urban,90+,0,7,12,1,3,4,16,0,0
C4920,23,32,District-Hoshangabad,Urban,Age Not Stated,1,1,4,0,0,0,0,1,0
C4920,23,33,District-Katni ,Rural,0-4,135,137,133,8,11,92,89,24,21
C4920,23,33,District-Katni ,Rural,5-9,219,205,167,99,86,160,129,104,74
C4920,23,33,District-Katni ,Rural,10-19,479,418,371,185,138,567,390,236,182
C4920,23,33,District-Katni ,Rural,20-29,312,362,251,118,70,612,344,212,102
C4920,23,33,District-Katni ,Rural,30-39,304,290,227,80,66,508,245,177,101
C4920,23,33,District-Katni ,Rural,40-49,260,239,180,74,51,486,226,139,80
C4920,23,33,District-Katni ,Rural,50-59,252,180,154,36,34,414,207,57,39
C4920,23,33,District-Katni ,Rural,60-69,317,196,205,33,31,433,341,23,27
C4920,23,33,District-Katni ,Rural,70-79,209,114,140,19,13,313,279,9,18
C4920,23,33,District-Katni ,Rural,80-89,84,46,43,3,4,107,100,4,1
C4920,23,33,District-Katni ,Rural,90+,6,19,8,4,1,30,33,1,4
C4920,23,33,District-Katni ,Rural,Age Not Stated,3,3,2,0,0,7,4,0,1
C4920,23,33,District-Katni ,Urban,0-4,14,27,38,4,1,21,9,0,4
C4920,23,33,District-Katni ,Urban,5-9,16,46,38,24,9,25,11,17,15
C4920,23,33,District-Katni ,Urban,10-19,59,107,80,29,20,92,74,52,38
C4920,23,33,District-Katni ,Urban,20-29,58,80,80,26,28,146,65,71,42
C4920,23,33,District-Katni ,Urban,30-39,39,87,47,19,12,110,52,70,45
C4920,23,33,District-Katni ,Urban,40-49,46,84,76,13,16,107,38,54,34
C4920,23,33,District-Katni ,Urban,50-59,34,48,39,14,8,85,32,29,12
C4920,23,33,District-Katni ,Urban,60-69,29,35,52,9,5,71,35,15,11
C4920,23,33,District-Katni ,Urban,70-79,21,28,24,1,3,48,51,4,5
C4920,23,33,District-Katni ,Urban,80-89,5,11,12,1,2,14,8,0,1
C4920,23,33,District-Katni ,Urban,90+,3,0,3,0,1,5,6,1,1
C4920,23,33,District-Katni ,Urban,Age Not Stated,0,2,0,0,0,0,1,0,0
C4920,23,34,District-Jabalpur,Rural,0-4,73,101,103,7,7,86,67,16,10
C4920,23,34,District-Jabalpur,Rural,5-9,126,156,121,80,64,158,108,88,56
C4920,23,34,District-Jabalpur,Rural,10-19,307,330,270,156,102,531,313,243,179
C4920,23,34,District-Jabalpur,Rural,20-29,233,361,194,111,77,804,384,243,129
C4920,23,34,District-Jabalpur,Rural,30-39,198,331,183,106,68,715,278,235,129
C4920,23,34,District-Jabalpur,Rural,40-49,217,348,181,74,43,603,264,195,79
C4920,23,34,District-Jabalpur,Rural,50-59,209,190,119,48,42,444,215,91,55
C4920,23,34,District-Jabalpur,Rural,60-69,240,178,173,42,30,454,395,44,42
C4920,23,34,District-Jabalpur,Rural,70-79,158,127,153,16,18,324,343,13,17
C4920,23,34,District-Jabalpur,Rural,80-89,56,58,56,5,5,108,155,2,10
C4920,23,34,District-Jabalpur,Rural,90+,9,23,18,1,2,27,61,3,0
C4920,23,34,District-Jabalpur,Rural,Age Not Stated,2,4,2,0,0,4,3,0,2
C4920,23,34,District-Jabalpur,Urban,0-4,146,223,217,12,12,58,39,45,36
C4920,23,34,District-Jabalpur,Urban,5-9,180,252,250,102,80,124,70,76,93
C4920,23,34,District-Jabalpur,Urban,10-19,547,762,638,227,213,440,286,417,300
C4920,23,34,District-Jabalpur,Urban,20-29,586,845,647,210,168,726,444,452,304
C4920,23,34,District-Jabalpur,Urban,30-39,469,614,519,159,135,647,333,415,266
C4920,23,34,District-Jabalpur,Urban,40-49,412,519,420,143,103,674,291,334,176
C4920,23,34,District-Jabalpur,Urban,50-59,272,373,303,94,65,570,256,168,104
C4920,23,34,District-Jabalpur,Urban,60-69,224,260,235,67,44,496,248,82,54
C4920,23,34,District-Jabalpur,Urban,70-79,116,145,169,34,21,215,205,29,26
C4920,23,34,District-Jabalpur,Urban,80-89,40,69,73,9,13,89,110,8,13
C4920,23,34,District-Jabalpur,Urban,90+,21,19,25,2,4,19,36,2,5
C4920,23,34,District-Jabalpur,Urban,Age Not Stated,5,21,16,3,3,13,5,3,4
C4920,23,35,District-Narsimhapur,Rural,0-4,51,49,55,12,8,70,54,7,7
C4920,23,35,District-Narsimhapur,Rural,5-9,86,85,82,72,57,127,62,63,48
C4920,23,35,District-Narsimhapur,Rural,10-19,266,186,138,135,89,414,246,228,142
C4920,23,35,District-Narsimhapur,Rural,20-29,195,190,117,122,78,550,259,180,115
C4920,23,35,District-Narsimhapur,Rural,30-39,176,172,106,80,70,474,199,197,122
C4920,23,35,District-Narsimhapur,Rural,40-49,191,162,107,80,38,468,192,184,88
C4920,23,35,District-Narsimhapur,Rural,50-59,191,126,102,39,30,400,208,95,73
C4920,23,35,District-Narsimhapur,Rural,60-69,189,183,162,37,24,465,351,48,35
C4920,23,35,District-Narsimhapur,Rural,70-79,148,127,147,18,18,314,321,15,16
C4920,23,35,District-Narsimhapur,Rural,80-89,75,92,86,6,5,132,145,4,4
C4920,23,35,District-Narsimhapur,Rural,90+,13,26,25,4,1,35,44,2,1
C4920,23,35,District-Narsimhapur,Rural,Age Not Stated,1,3,2,0,0,8,3,5,1
C4920,23,35,District-Narsimhapur,Urban,0-4,7,7,13,0,5,14,10,4,2
C4920,23,35,District-Narsimhapur,Urban,5-9,18,23,9,7,5,20,8,11,8
C4920,23,35,District-Narsimhapur,Urban,10-19,36,48,36,36,26,84,40,54,40
C4920,23,35,District-Narsimhapur,Urban,20-29,30,49,16,32,22,92,67,54,35
C4920,23,35,District-Narsimhapur,Urban,30-39,43,36,25,22,16,100,41,87,29
C4920,23,35,District-Narsimhapur,Urban,40-49,38,40,28,21,12,103,25,48,26
C4920,23,35,District-Narsimhapur,Urban,50-59,30,23,14,10,5,76,41,29,24
C4920,23,35,District-Narsimhapur,Urban,60-69,24,38,22,9,4,85,40,12,11
C4920,23,35,District-Narsimhapur,Urban,70-79,18,21,23,3,2,45,32,1,2
C4920,23,35,District-Narsimhapur,Urban,80-89,3,16,8,2,3,11,21,0,0
C4920,23,35,District-Narsimhapur,Urban,90+,1,1,2,0,0,6,6,0,0
C4920,23,35,District-Narsimhapur,Urban,Age Not Stated,0,0,0,0,0,0,1,0,0
C4920,23,36,District-Dindori ,Rural,0-4,85,88,74,12,4,68,52,13,8
C4920,23,36,District-Dindori ,Rural,5-9,108,134,99,57,53,105,69,45,30
C4920,23,36,District-Dindori ,Rural,10-19,186,254,226,88,69,295,224,113,97
C4920,23,36,District-Dindori ,Rural,20-29,132,191,179,73,42,418,266,141,85
C4920,23,36,District-Dindori ,Rural,30-39,135,188,150,51,30,293,215,115,75
C4920,23,36,District-Dindori ,Rural,40-49,152,180,141,27,28,311,226,102,83
C4920,23,36,District-Dindori ,Rural,50-59,160,143,139,29,21,290,258,71,63
C4920,23,36,District-Dindori ,Rural,60-69,233,176,190,23,20,397,480,27,39
C4920,23,36,District-Dindori ,Rural,70-79,158,113,136,15,13,278,374,16,26
C4920,23,36,District-Dindori ,Rural,80-89,63,33,49,5,3,94,126,6,7
C4920,23,36,District-Dindori ,Rural,90+,16,19,16,1,2,26,42,1,2
C4920,23,36,District-Dindori ,Rural,Age Not Stated,4,2,0,0,0,1,1,1,0
C4920,23,36,District-Dindori ,Urban,0-4,10,7,2,0,0,1,0,0,0
C4920,23,36,District-Dindori ,Urban,5-9,7,7,6,3,3,6,5,1,2
C4920,23,36,District-Dindori ,Urban,10-19,25,11,9,9,2,14,4,10,2
C4920,23,36,District-Dindori ,Urban,20-29,14,12,10,2,4,16,7,10,4
C4920,23,36,District-Dindori ,Urban,30-39,14,11,14,4,2,11,7,12,7
C4920,23,36,District-Dindori ,Urban,40-49,11,15,6,3,3,18,9,11,3
C4920,23,36,District-Dindori ,Urban,50-59,7,8,4,3,4,12,6,5,0
C4920,23,36,District-Dindori ,Urban,60-69,8,11,9,3,0,8,9,2,0
C4920,23,36,District-Dindori ,Urban,70-79,7,3,2,0,0,8,11,0,0
C4920,23,36,District-Dindori ,Urban,80-89,2,2,4,0,0,1,6,0,1
C4920,23,36,District-Dindori ,Urban,90+,1,1,2,0,0,1,0,0,0
C4920,23,36,District-Dindori ,Urban,Age Not Stated,0,0,0,0,0,0,0,1,0
C4920,23,37,District-Mandla,Rural,0-4,105,149,138,6,11,102,85,14,31
C4920,23,37,District-Mandla,Rural,5-9,139,182,182,63,55,179,107,69,55
C4920,23,37,District-Mandla,Rural,10-19,373,411,434,139,100,452,367,208,178
C4920,23,37,District-Mandla,Rural,20-29,233,319,275,88,51,570,354,179,140
C4920,23,37,District-Mandla,Rural,30-39,222,272,226,67,51,517,265,172,128
C4920,23,37,District-Mandla,Rural,40-49,257,263,230,61,52,478,325,120,86
C4920,23,37,District-Mandla,Rural,50-59,181,204,175,29,26,486,331,80,60
C4920,23,37,District-Mandla,Rural,60-69,252,227,221,27,28,544,499,45,39
C4920,23,37,District-Mandla,Rural,70-79,158,102,129,10,8,257,392,14,20
C4920,23,37,District-Mandla,Rural,80-89,47,43,47,5,2,105,137,3,4
C4920,23,37,District-Mandla,Rural,90+,16,17,11,2,1,35,49,0,2
C4920,23,37,District-Mandla,Rural,Age Not Stated,1,4,0,0,0,8,4,0,1
C4920,23,37,District-Mandla,Urban,0-4,6,13,8,0,0,11,2,3,3
C4920,23,37,District-Mandla,Urban,5-9,10,11,9,7,8,18,7,7,8
C4920,23,37,District-Mandla,Urban,10-19,40,27,25,23,17,39,17,42,24
C4920,23,37,District-Mandla,Urban,20-29,21,27,22,18,18,76,53,36,18
C4920,23,37,District-Mandla,Urban,30-39,24,31,29,16,10,69,37,38,26
C4920,23,37,District-Mandla,Urban,40-49,28,33,23,7,7,57,20,38,24
C4920,23,37,District-Mandla,Urban,50-59,21,24,21,12,2,51,40,18,10
C4920,23,37,District-Mandla,Urban,60-69,19,14,16,6,1,67,39,5,1
C4920,23,37,District-Mandla,Urban,70-79,16,18,17,6,3,45,43,1,2
C4920,23,37,District-Mandla,Urban,80-89,8,10,5,1,1,7,19,0,1
C4920,23,37,District-Mandla,Urban,90+,2,0,1,0,0,4,0,1,0
C4920,23,37,District-Mandla,Urban,Age Not Stated,0,0,0,0,0,0,0,0,0
C4920,23,38,District-Chhindwara,Rural,0-4,99,92,88,18,11,142,97,32,17
C4920,23,38,District-Chhindwara,Rural,5-9,150,143,114,97,81,253,180,124,93
C4920,23,38,District-Chhindwara,Rural,10-19,421,367,311,199,139,848,627,410,304
C4920,23,38,District-Chhindwara,Rural,20-29,338,320,185,149,101,1258,694,280,229
C4920,23,38,District-Chhindwara,Rural,30-39,297,249,183,112,78,854,453,265,264
C4920,23,38,District-Chhindwara,Rural,40-49,295,265,183,81,63,856,445,226,167
C4920,23,38,District-Chhindwara,Rural,50-59,304,219,178,59,47,738,383,126,85
C4920,23,38,District-Chhindwara,Rural,60-69,375,271,264,46,31,631,528,50,53
C4920,23,38,District-Chhindwara,Rural,70-79,288,192,191,25,15,438,387,25,26
C4920,23,38,District-Chhindwara,Rural,80-89,99,94,95,5,8,168,179,6,9
C4920,23,38,District-Chhindwara,Rural,90+,34,27,40,1,0,37,52,4,4
C4920,23,38,District-Chhindwara,Rural,Age Not Stated,2,2,0,1,1,3,2,0,1
C4920,23,38,District-Chhindwara,Urban,0-4,33,25,21,4,3,25,28,7,10
C4920,23,38,District-Chhindwara,Urban,5-9,49,40,36,32,28,50,42,36,26
C4920,23,38,District-Chhindwara,Urban,10-19,135,96,85,59,57,181,135,136,86
C4920,23,38,District-Chhindwara,Urban,20-29,134,115,79,61,49,391,217,151,77
C4920,23,38,District-Chhindwara,Urban,30-39,102,98,77,43,48,309,177,133,85
C4920,23,38,District-Chhindwara,Urban,40-49,99,94,74,40,25,329,115,116,67
C4920,23,38,District-Chhindwara,Urban,50-59,90,80,52,28,25,274,130,49,48
C4920,23,38,District-Chhindwara,Urban,60-69,88,79,68,24,11,274,176,28,27
C4920,23,38,District-Chhindwara,Urban,70-79,55,50,47,9,8,131,111,11,10
C4920,23,38,District-Chhindwara,Urban,80-89,15,15,26,3,1,39,36,1,5
C4920,23,38,District-Chhindwara,Urban,90+,3,3,12,0,0,10,20,0,0
C4920,23,38,District-Chhindwara,Urban,Age Not Stated,1,0,1,0,2,2,1,1,0
C4920,23,39,District-Seoni,Rural,0-4,87,71,48,14,14,89,56,16,24
C4920,23,39,District-Seoni,Rural,5-9,125,118,79,89,68,187,128,90,57
C4920,23,39,District-Seoni,Rural,10-19,400,333,241,183,135,618,402,325,251
C4920,23,39,District-Seoni,Rural,20-29,286,265,165,115,84,889,489,259,189
C4920,23,39,District-Seoni,Rural,30-39,263,202,164,78,60,708,348,221,184
C4920,23,39,District-Seoni,Rural,40-49,259,220,168,74,67,670,386,203,141
C4920,23,39,District-Seoni,Rural,50-59,240,183,138,54,37,659,348,112,86
C4920,23,39,District-Seoni,Rural,60-69,368,219,220,34,36,607,575,57,45
C4920,23,39,District-Seoni,Rural,70-79,254,144,190,15,19,415,435,19,24
C4920,23,39,District-Seoni,Rural,80-89,102,64,74,7,0,147,174,7,3
C4920,23,39,District-Seoni,Rural,90+,27,11,9,2,4,38,47,3,2
C4920,23,39,District-Seoni,Rural,Age Not Stated,3,0,2,0,0,2,1,1,0
C4920,23,39,District-Seoni,Urban,0-4,2,3,5,0,2,5,3,3,1
C4920,23,39,District-Seoni,Urban,5-9,20,10,11,6,4,18,14,10,8
C4920,23,39,District-Seoni,Urban,10-19,42,30,27,16,16,55,43,50,35
C4920,23,39,District-Seoni,Urban,20-29,24,33,19,21,9,96,53,40,29
C4920,23,39,District-Seoni,Urban,30-39,26,22,18,11,4,96,38,41,28
C4920,23,39,District-Seoni,Urban,40-49,23,29,15,5,12,78,26,40,24
C4920,23,39,District-Seoni,Urban,50-59,15,23,10,11,5,72,35,21,17
C4920,23,39,District-Seoni,Urban,60-69,13,17,15,3,3,57,35,13,8
C4920,23,39,District-Seoni,Urban,70-79,14,13,25,0,3,32,26,2,1
C4920,23,39,District-Seoni,Urban,80-89,6,9,5,1,1,7,10,1,0
C4920,23,39,District-Seoni,Urban,90+,1,3,5,0,0,3,4,0,1
C4920,23,39,District-Seoni,Urban,Age Not Stated,0,0,0,0,0,0,0,0,0
C4920,23,40,District-Balaghat,Rural,0-4,102,77,74,17,8,147,96,31,24
C4920,23,40,District-Balaghat,Rural,5-9,153,120,107,103,79,236,169,129,104
C4920,23,40,District-Balaghat,Rural,10-19,403,321,282,165,153,602,404,363,324
C4920,23,40,District-Balaghat,Rural,20-29,245,260,199,125,128,708,479,260,244
C4920,23,40,District-Balaghat,Rural,30-39,214,196,194,106,88,646,340,225,250
C4920,23,40,District-Balaghat,Rural,40-49,258,222,178,90,66,574,278,191,178
C4920,23,40,District-Balaghat,Rural,50-59,249,188,163,67,51,553,304,72,95
C4920,23,40,District-Balaghat,Rural,60-69,264,199,252,51,42,592,507,36,48
C4920,23,40,District-Balaghat,Rural,70-79,178,120,120,18,8,341,322,11,14
C4920,23,40,District-Balaghat,Rural,80-89,49,42,41,4,5,68,89,4,1
C4920,23,40,District-Balaghat,Rural,90+,10,9,6,2,0,19,29,1,1
C4920,23,40,District-Balaghat,Rural,Age Not Stated,0,1,3,0,0,3,0,3,3
C4920,23,40,District-Balaghat,Urban,0-4,11,5,11,0,1,16,9,3,7
C4920,23,40,District-Balaghat,Urban,5-9,18,17,13,13,13,29,12,13,15
C4920,23,40,District-Balaghat,Urban,10-19,77,51,36,32,29,77,54,66,50
C4920,23,40,District-Balaghat,Urban,20-29,48,43,36,26,19,103,75,61,42
C4920,23,40,District-Balaghat,Urban,30-39,31,39,31,16,17,110,58,61,47
C4920,23,40,District-Balaghat,Urban,40-49,40,34,29,24,11,136,51,47,34
C4920,23,40,District-Balaghat,Urban,50-59,31,29,28,6,7,119,47,32,16
C4920,23,40,District-Balaghat,Urban,60-69,21,24,24,8,4,109,50,7,11
C4920,23,40,District-Balaghat,Urban,70-79,18,8,16,5,3,43,37,4,9
C4920,23,40,District-Balaghat,Urban,80-89,5,6,10,1,0,7,27,1,0
C4920,23,40,District-Balaghat,Urban,90+,2,1,5,1,0,1,3,0,1
C4920,23,40,District-Balaghat,Urban,Age Not Stated,0,0,1,0,0,0,2,0,0
C4920,23,41,District-Guna,Rural,0-4,67,89,82,5,8,53,37,12,4
C4920,23,41,District-Guna,Rural,5-9,89,118,113,53,36,117,87,36,29
C4920,23,41,District-Guna,Rural,10-19,229,282,233,119,80,399,229,115,83
C4920,23,41,District-Guna,Rural,20-29,172,244,125,79,33,537,212,100,37
C4920,23,41,District-Guna,Rural,30-39,155,222,119,62,42,453,211,101,38
C4920,23,41,District-Guna,Rural,40-49,141,159,88,39,23,288,122,62,34
C4920,23,41,District-Guna,Rural,50-59,123,107,82,17,11,175,81,40,19
C4920,23,41,District-Guna,Rural,60-69,148,131,102,19,14,215,114,17,16
C4920,23,41,District-Guna,Rural,70-79,129,111,102,13,11,125,91,6,5
C4920,23,41,District-Guna,Rural,80-89,49,44,32,3,2,62,37,1,1
C4920,23,41,District-Guna,Rural,90+,18,14,8,2,0,15,10,1,0
C4920,23,41,District-Guna,Rural,Age Not Stated,0,0,0,0,0,4,2,1,0
C4920,23,41,District-Guna,Urban,0-4,15,30,27,5,1,19,13,6,3
C4920,23,41,District-Guna,Urban,5-9,33,46,41,14,10,32,18,11,11
C4920,23,41,District-Guna,Urban,10-19,66,91,88,44,24,117,66,51,37
C4920,23,41,District-Guna,Urban,20-29,73,105,87,19,17,190,91,66,21
C4920,23,41,District-Guna,Urban,30-39,42,83,56,18,22,168,93,46,26
C4920,23,41,District-Guna,Urban,40-49,63,54,35,15,8,112,42,25,20
C4920,23,41,District-Guna,Urban,50-59,29,41,20,9,6,71,32,22,4
C4920,23,41,District-Guna,Urban,60-69,35,29,29,8,4,73,24,6,6
C4920,23,41,District-Guna,Urban,70-79,27,20,19,5,1,38,26,5,1
C4920,23,41,District-Guna,Urban,80-89,7,10,8,0,1,13,9,0,2
C4920,23,41,District-Guna,Urban,90+,1,1,1,0,0,3,4,0,0
C4920,23,41,District-Guna,Urban,Age Not Stated,0,1,0,1,0,0,0,1,0
C4920,23,42,District-Ashoknagar,Rural,0-4,99,60,79,7,6,52,42,17,7
C4920,23,42,District-Ashoknagar,Rural,5-9,143,82,111,62,38,95,81,39,23
C4920,23,42,District-Ashoknagar,Rural,10-19,272,214,190,99,71,343,175,115,78
C4920,23,42,District-Ashoknagar,Rural,20-29,170,175,122,64,44,505,154,104,40
C4920,23,42,District-Ashoknagar,Rural,30-39,154,174,117,43,28,473,173,89,33
C4920,23,42,District-Ashoknagar,Rural,40-49,124,141,95,33,18,324,124,73,41
C4920,23,42,District-Ashoknagar,Rural,50-59,126,112,61,20,21,180,81,29,26
C4920,23,42,District-Ashoknagar,Rural,60-69,193,129,116,17,14,216,135,17,14
C4920,23,42,District-Ashoknagar,Rural,70-79,146,102,88,10,5,131,102,7,6
C4920,23,42,District-Ashoknagar,Rural,80-89,56,41,43,5,4,50,44,3,3
C4920,23,42,District-Ashoknagar,Rural,90+,16,11,9,0,1,18,19,1,0
C4920,23,42,District-Ashoknagar,Rural,Age Not Stated,2,1,1,0,1,1,1,0,1
C4920,23,42,District-Ashoknagar,Urban,0-4,5,21,10,2,0,19,9,2,0
C4920,23,42,District-Ashoknagar,Urban,5-9,20,31,25,6,6,22,18,10,5
C4920,23,42,District-Ashoknagar,Urban,10-19,38,67,53,18,17,81,35,38,23
C4920,23,42,District-Ashoknagar,Urban,20-29,37,37,37,13,7,105,53,32,17
C4920,23,42,District-Ashoknagar,Urban,30-39,23,46,32,13,5,86,51,27,12
C4920,23,42,District-Ashoknagar,Urban,40-49,19,33,19,12,8,78,27,17,10
C4920,23,42,District-Ashoknagar,Urban,50-59,15,26,14,8,4,52,16,10,9
C4920,23,42,District-Ashoknagar,Urban,60-69,14,23,21,4,3,52,27,3,7
C4920,23,42,District-Ashoknagar,Urban,70-79,15,15,10,1,0,23,20,3,3
C4920,23,42,District-Ashoknagar,Urban,80-89,0,7,10,1,2,10,8,0,0
C4920,23,42,District-Ashoknagar,Urban,90+,1,1,1,0,0,0,3,0,0
C4920,23,42,District-Ashoknagar,Urban,Age Not Stated,2,0,1,0,0,0,1,0,0
C4920,23,43,District-Shahdol,Rural,0-4,127,147,142,13,9,101,69,32,19
C4920,23,43,District-Shahdol,Rural,5-9,164,168,136,82,69,180,107,83,63
C4920,23,43,District-Shahdol,Rural,10-19,402,329,277,147,102,448,285,229,177
C4920,23,43,District-Shahdol,Rural,20-29,300,261,225,91,68,480,285,205,142
C4920,23,43,District-Shahdol,Rural,30-39,247,284,205,65,63,453,217,192,102
C4920,23,43,District-Shahdol,Rural,40-49,266,216,190,60,42,452,235,137,101
C4920,23,43,District-Shahdol,Rural,50-59,222,168,150,34,31,377,261,65,55
C4920,23,43,District-Shahdol,Rural,60-69,285,202,226,25,28,484,463,51,41
C4920,23,43,District-Shahdol,Rural,70-79,192,118,106,7,8,288,306,14,25
C4920,23,43,District-Shahdol,Rural,80-89,52,30,26,2,5,88,101,5,6
C4920,23,43,District-Shahdol,Rural,90+,18,5,10,3,0,23,27,1,2
C4920,23,43,District-Shahdol,Rural,Age Not Stated,1,2,0,0,0,2,6,1,1
C4920,23,43,District-Shahdol,Urban,0-4,20,26,26,2,3,11,7,5,4
C4920,23,43,District-Shahdol,Urban,5-9,34,35,18,26,13,23,17,15,8
C4920,23,43,District-Shahdol,Urban,10-19,64,59,39,46,26,84,44,51,38
C4920,23,43,District-Shahdol,Urban,20-29,51,75,51,25,16,133,67,54,32
C4920,23,43,District-Shahdol,Urban,30-39,61,58,46,14,13,118,42,55,28
C4920,23,43,District-Shahdol,Urban,40-49,46,56,52,19,17,109,37,44,21
C4920,23,43,District-Shahdol,Urban,50-59,27,44,30,4,7,69,38,21,12
C4920,23,43,District-Shahdol,Urban,60-69,32,39,32,9,6,75,69,9,10
C4920,23,43,District-Shahdol,Urban,70-79,25,23,16,4,2,41,34,4,4
C4920,23,43,District-Shahdol,Urban,80-89,7,5,12,1,0,15,16,0,1
C4920,23,43,District-Shahdol,Urban,90+,2,3,2,0,0,1,1,1,1
C4920,23,43,District-Shahdol,Urban,Age Not Stated,0,0,0,0,0,0,0,0,0
C4920,23,44,District-Anuppur,Rural,0-4,51,73,80,5,6,68,49,13,10
C4920,23,44,District-Anuppur,Rural,5-9,85,98,99,46,30,125,63,50,35
C4920,23,44,District-Anuppur,Rural,10-19,170,210,193,85,73,233,187,139,118
C4920,23,44,District-Anuppur,Rural,20-29,118,215,176,54,33,304,226,114,79
C4920,23,44,District-Anuppur,Rural,30-39,104,146,116,49,30,260,167,90,75
C4920,23,44,District-Anuppur,Rural,40-49,118,168,128,31,20,288,190,83,48
C4920,23,44,District-Anuppur,Rural,50-59,132,119,94,23,6,223,172,56,15
C4920,23,44,District-Anuppur,Rural,60-69,169,136,140,16,21,306,281,32,20
C4920,23,44,District-Anuppur,Rural,70-79,142,103,101,9,2,206,191,7,4
C4920,23,44,District-Anuppur,Rural,80-89,36,32,36,1,2,55,58,1,3
C4920,23,44,District-Anuppur,Rural,90+,11,11,6,2,1,14,12,0,0
C4920,23,44,District-Anuppur,Rural,Age Not Stated,2,2,3,1,0,0,0,0,0
C4920,23,44,District-Anuppur,Urban,0-4,7,14,12,4,1,16,10,3,5
C4920,23,44,District-Anuppur,Urban,5-9,16,16,18,18,10,33,14,10,14
C4920,23,44,District-Anuppur,Urban,10-19,33,34,26,41,28,84,53,48,34
C4920,23,44,District-Anuppur,Urban,20-29,37,54,35,31,28,138,81,61,30
C4920,23,44,District-Anuppur,Urban,30-39,21,29,20,19,11,97,30,38,23
C4920,23,44,District-Anuppur,Urban,40-49,44,34,29,8,12,72,44,33,29
C4920,23,44,District-Anuppur,Urban,50-59,63,43,15,11,9,84,52,19,18
C4920,23,44,District-Anuppur,Urban,60-69,45,19,17,6,1,74,47,6,8
C4920,23,44,District-Anuppur,Urban,70-79,21,16,19,3,4,40,33,2,1
C4920,23,44,District-Anuppur,Urban,80-89,13,9,7,0,0,11,10,0,3
C4920,23,44,District-Anuppur,Urban,90+,4,3,7,1,0,5,0,0,1
C4920,23,44,District-Anuppur,Urban,Age Not Stated,1,0,1,0,0,0,0,0,0
C4920,23,45,District-Sidhi,Rural,0-4,122,151,103,19,17,110,91,20,16
C4920,23,45,District-Sidhi,Rural,5-9,188,166,138,110,73,169,133,99,54
C4920,23,45,District-Sidhi,Rural,10-19,373,357,309,189,147,506,328,272,163
C4920,23,45,District-Sidhi,Rural,20-29,233,302,198,127,79,545,243,223,81
C4920,23,45,District-Sidhi,Rural,30-39,207,259,185,88,64,483,226,198,86
C4920,23,45,District-Sidhi,Rural,40-49,193,222,141,67,63,466,233,130,65
C4920,23,45,District-Sidhi,Rural,50-59,187,150,112,39,38,370,248,83,34
C4920,23,45,District-Sidhi,Rural,60-69,235,174,189,28,44,533,463,42,33
C4920,23,45,District-Sidhi,Rural,70-79,212,144,144,20,17,411,383,18,13
C4920,23,45,District-Sidhi,Rural,80-89,92,59,55,8,5,140,165,5,4
C4920,23,45,District-Sidhi,Rural,90+,19,18,12,2,2,45,32,1,2
C4920,23,45,District-Sidhi,Rural,Age Not Stated,0,1,6,0,1,2,3,0,0
C4920,23,45,District-Sidhi,Urban,0-4,3,8,4,2,0,6,4,3,5
C4920,23,45,District-Sidhi,Urban,5-9,8,9,6,5,8,19,5,4,5
C4920,23,45,District-Sidhi,Urban,10-19,29,30,27,28,12,32,29,36,23
C4920,23,45,District-Sidhi,Urban,20-29,12,14,11,14,4,42,14,25,23
C4920,23,45,District-Sidhi,Urban,30-39,17,15,14,11,7,39,14,21,7
C4920,23,45,District-Sidhi,Urban,40-49,14,12,10,7,5,38,22,14,6
C4920,23,45,District-Sidhi,Urban,50-59,8,11,8,6,1,48,14,4,4
C4920,23,45,District-Sidhi,Urban,60-69,7,9,5,3,1,33,21,4,1
C4920,23,45,District-Sidhi,Urban,70-79,6,3,4,2,3,20,13,0,0
C4920,23,45,District-Sidhi,Urban,80-89,3,4,3,0,0,5,5,0,0
C4920,23,45,District-Sidhi,Urban,90+,1,0,2,0,0,2,1,0,0
C4920,23,45,District-Sidhi,Urban,Age Not Stated,0,0,0,0,0,0,0,0,0
C4920,23,46,District-Singrauli,Rural,0-4,77,134,131,17,13,100,59,28,19
C4920,23,46,District-Singrauli,Rural,5-9,124,178,155,99,63,173,84,85,64
C4920,23,46,District-Singrauli,Rural,10-19,227,406,291,153,125,401,270,236,184
C4920,23,46,District-Singrauli,Rural,20-29,188,267,210,113,61,391,166,181,108
C4920,23,46,District-Singrauli,Rural,30-39,161,243,158,71,67,279,152,140,100
C4920,23,46,District-Singrauli,Rural,40-49,152,212,140,45,34,249,166,93,53
C4920,23,46,District-Singrauli,Rural,50-59,137,140,110,28,25,190,133,50,38
C4920,23,46,District-Singrauli,Rural,60-69,216,182,202,20,17,310,297,28,23
C4920,23,46,District-Singrauli,Rural,70-79,187,144,132,10,9,269,246,12,6
C4920,23,46,District-Singrauli,Rural,80-89,70,54,45,3,1,80,92,2,8
C4920,23,46,District-Singrauli,Rural,90+,23,13,7,1,2,22,15,0,1
C4920,23,46,District-Singrauli,Rural,Age Not Stated,2,0,0,0,1,4,5,0,0
C4920,23,46,District-Singrauli,Urban,0-4,24,34,33,4,2,8,4,6,3
C4920,23,46,District-Singrauli,Urban,5-9,35,45,31,20,17,14,9,13,9
C4920,23,46,District-Singrauli,Urban,10-19,72,112,101,48,39,81,54,71,43
C4920,23,46,District-Singrauli,Urban,20-29,49,104,65,32,20,79,38,38,19
C4920,23,46,District-Singrauli,Urban,30-39,31,66,57,17,10,50,18,29,14
C4920,23,46,District-Singrauli,Urban,40-49,38,71,40,15,10,44,17,30,11
C4920,23,46,District-Singrauli,Urban,50-59,27,51,27,12,4,41,7,9,3
C4920,23,46,District-Singrauli,Urban,60-69,23,33,17,5,5,29,11,8,1
C4920,23,46,District-Singrauli,Urban,70-79,11,21,16,1,0,16,11,2,0
C4920,23,46,District-Singrauli,Urban,80-89,2,5,3,0,0,5,3,3,0
C4920,23,46,District-Singrauli,Urban,90+,2,0,1,0,0,2,0,0,0
C4920,23,46,District-Singrauli,Urban,Age Not Stated,1,1,0,0,1,0,0,0,0
C4920,23,47,District-Jhabua,Rural,0-4,62,84,63,16,3,131,105,22,13
C4920,23,47,District-Jhabua,Rural,5-9,84,149,125,72,47,209,143,63,25
C4920,23,47,District-Jhabua,Rural,10-19,165,234,202,78,53,766,590,165,128
C4920,23,47,District-Jhabua,Rural,20-29,102,170,122,39,27,903,595,107,101
C4920,23,47,District-Jhabua,Rural,30-39,98,124,111,36,41,538,372,118,69
C4920,23,47,District-Jhabua,Rural,40-49,87,161,93,35,20,378,239,100,69
C4920,23,47,District-Jhabua,Rural,50-59,109,157,101,15,9,314,196,43,25
C4920,23,47,District-Jhabua,Rural,60-69,127,160,154,16,8,277,226,15,23
C4920,23,47,District-Jhabua,Rural,70-79,105,95,136,2,6,130,174,10,5
C4920,23,47,District-Jhabua,Rural,80-89,37,41,59,0,0,39,57,0,2
C4920,23,47,District-Jhabua,Rural,90+,18,12,15,0,0,14,22,0,1
C4920,23,47,District-Jhabua,Rural,Age Not Stated,0,0,0,0,0,2,0,0,0
C4920,23,47,District-Jhabua,Urban,0-4,5,4,6,0,0,6,2,2,2
C4920,23,47,District-Jhabua,Urban,5-9,13,7,3,5,5,17,9,6,2
C4920,23,47,District-Jhabua,Urban,10-19,6,17,14,7,6,66,36,22,14
C4920,23,47,District-Jhabua,Urban,20-29,14,9,13,4,6,98,56,24,13
C4920,23,47,District-Jhabua,Urban,30-39,8,20,10,6,2,69,41,29,18
C4920,23,47,District-Jhabua,Urban,40-49,6,15,6,7,3,40,25,17,14
C4920,23,47,District-Jhabua,Urban,50-59,6,8,9,8,1,38,14,7,7
C4920,23,47,District-Jhabua,Urban,60-69,7,7,7,2,0,21,13,0,3
C4920,23,47,District-Jhabua,Urban,70-79,7,11,4,2,1,10,17,2,1
C4920,23,47,District-Jhabua,Urban,80-89,2,2,3,0,0,4,3,0,0
C4920,23,47,District-Jhabua,Urban,90+,1,0,0,0,0,0,1,0,0
C4920,23,47,District-Jhabua,Urban,Age Not Stated,0,0,0,0,0,0,0,0,0
C4920,23,48,District-Alirajpur,Rural,0-4,73,84,90,10,2,60,44,10,17
C4920,23,48,District-Alirajpur,Rural,5-9,125,88,111,33,23,77,78,22,24
C4920,23,48,District-Alirajpur,Rural,10-19,225,216,200,50,35,431,312,81,58
C4920,23,48,District-Alirajpur,Rural,20-29,127,119,106,29,21,318,214,50,46
C4920,23,48,District-Alirajpur,Rural,30-39,101,124,84,19,18,220,147,49,50
C4920,23,48,District-Alirajpur,Rural,40-49,102,114,87,11,12,227,94,40,24
C4920,23,48,District-Alirajpur,Rural,50-59,85,114,67,10,11,214,101,26,21
C4920,23,48,District-Alirajpur,Rural,60-69,87,60,62,9,5,172,98,6,9
C4920,23,48,District-Alirajpur,Rural,70-79,48,37,44,3,0,87,65,4,6
C4920,23,48,District-Alirajpur,Rural,80-89,13,15,14,0,1,19,15,0,1
C4920,23,48,District-Alirajpur,Rural,90+,7,4,3,0,0,6,8,1,1
C4920,23,48,District-Alirajpur,Rural,Age Not Stated,3,6,1,0,0,1,3,1,1
C4920,23,48,District-Alirajpur,Urban,0-4,5,2,4,2,1,2,2,0,0
C4920,23,48,District-Alirajpur,Urban,5-9,10,6,4,3,1,7,6,4,3
C4920,23,48,District-Alirajpur,Urban,10-19,11,11,17,6,6,30,25,6,8
C4920,23,48,District-Alirajpur,Urban,20-29,7,8,10,3,0,34,29,9,2
C4920,23,48,District-Alirajpur,Urban,30-39,8,16,2,3,3,47,21,6,6
C4920,23,48,District-Alirajpur,Urban,40-49,6,10,3,1,2,20,14,11,6
C4920,23,48,District-Alirajpur,Urban,50-59,3,5,2,3,3,17,13,6,3
C4920,23,48,District-Alirajpur,Urban,60-69,6,2,1,0,0,24,4,4,3
C4920,23,48,District-Alirajpur,Urban,70-79,4,3,5,0,0,10,8,0,2
C4920,23,48,District-Alirajpur,Urban,80-89,0,0,1,0,0,3,3,0,0
C4920,23,48,District-Alirajpur,Urban,90+,0,0,0,0,0,1,0,0,0
C4920,23,48,District-Alirajpur,Urban,Age Not Stated,0,0,0,0,0,0,0,0,0
C4920,23,49,District-Khandwa (East Nimar),Rural,0-4,113,206,211,7,8,97,72,15,23
C4920,23,49,District-Khandwa (East Nimar),Rural,5-9,178,305,232,76,56,185,111,61,43
C4920,23,49,District-Khandwa (East Nimar),Rural,10-19,412,532,462,133,109,500,360,186,143
C4920,23,49,District-Khandwa (East Nimar),Rural,20-29,267,352,301,94,55,827,404,190,118
C4920,23,49,District-Khandwa (East Nimar),Rural,30-39,224,323,314,62,55,653,316,174,91
C4920,23,49,District-Khandwa (East Nimar),Rural,40-49,240,280,243,41,36,441,207,143,80
C4920,23,49,District-Khandwa (East Nimar),Rural,50-59,215,221,161,31,19,343,185,70,55
C4920,23,49,District-Khandwa (East Nimar),Rural,60-69,300,256,254,20,17,383,283,42,49
C4920,23,49,District-Khandwa (East Nimar),Rural,70-79,290,202,195,14,13,219,275,13,23
C4920,23,49,District-Khandwa (East Nimar),Rural,80-89,97,75,92,3,2,99,137,4,7
C4920,23,49,District-Khandwa (East Nimar),Rural,90+,28,32,39,2,3,22,41,2,4
C4920,23,49,District-Khandwa (East Nimar),Rural,Age Not Stated,0,2,2,0,1,0,2,0,0
C4920,23,49,District-Khandwa (East Nimar),Urban,0-4,43,25,20,4,8,26,17,9,7
C4920,23,49,District-Khandwa (East Nimar),Urban,5-9,62,30,25,20,13,45,29,21,16
C4920,23,49,District-Khandwa (East Nimar),Urban,10-19,142,72,65,53,22,154,93,82,60
C4920,23,49,District-Khandwa (East Nimar),Urban,20-29,112,65,61,38,23,234,114,87,54
C4920,23,49,District-Khandwa (East Nimar),Urban,30-39,101,51,52,21,28,203,81,83,42
C4920,23,49,District-Khandwa (East Nimar),Urban,40-49,102,55,35,33,13,154,62,65,32
C4920,23,49,District-Khandwa (East Nimar),Urban,50-59,63,43,36,15,7,125,57,26,19
C4920,23,49,District-Khandwa (East Nimar),Urban,60-69,70,62,41,9,8,111,75,14,10
C4920,23,49,District-Khandwa (East Nimar),Urban,70-79,60,50,40,6,4,74,65,4,4
C4920,23,49,District-Khandwa (East Nimar),Urban,80-89,28,13,22,1,1,22,31,0,2
C4920,23,49,District-Khandwa (East Nimar),Urban,90+,3,7,11,0,0,9,12,1,1
C4920,23,49,District-Khandwa (East Nimar),Urban,Age Not Stated,0,0,0,0,0,0,0,0,0
C4920,23,50,District-Burhanpur,Rural,0-4,56,67,46,4,6,41,28,13,5
C4920,23,50,District-Burhanpur,Rural,5-9,78,67,74,36,22,57,45,23,16
C4920,23,50,District-Burhanpur,Rural,10-19,139,156,121,62,42,157,104,65,56
C4920,23,50,District-Burhanpur,Rural,20-29,101,93,63,52,28,282,139,58,41
C4920,23,50,District-Burhanpur,Rural,30-39,108,97,82,30,21,188,119,47,44
C4920,23,50,District-Burhanpur,Rural,40-49,115,102,90,22,21,179,86,59,39
C4920,23,50,District-Burhanpur,Rural,50-59,116,83,73,15,7,153,82,22,17
C4920,23,50,District-Burhanpur,Rural,60-69,144,99,111,4,8,183,151,19,11
C4920,23,50,District-Burhanpur,Rural,70-79,126,83,100,4,2,113,147,7,7
C4920,23,50,District-Burhanpur,Rural,80-89,34,24,35,1,2,42,49,2,3
C4920,23,50,District-Burhanpur,Rural,90+,7,10,7,1,0,3,18,0,0
C4920,23,50,District-Burhanpur,Rural,Age Not Stated,1,1,1,0,0,0,1,0,0
C4920,23,50,District-Burhanpur,Urban,0-4,4,17,15,4,2,12,10,6,8
C4920,23,50,District-Burhanpur,Urban,5-9,16,15,22,22,9,20,11,16,9
C4920,23,50,District-Burhanpur,Urban,10-19,44,35,44,32,13,92,66,55,33
C4920,23,50,District-Burhanpur,Urban,20-29,25,39,31,18,23,143,96,77,41
C4920,23,50,District-Burhanpur,Urban,30-39,22,44,27,14,15,121,71,61,22
C4920,23,50,District-Burhanpur,Urban,40-49,29,38,18,11,4,90,35,52,33
C4920,23,50,District-Burhanpur,Urban,50-59,23,33,28,7,7,89,40,20,9
C4920,23,50,District-Burhanpur,Urban,60-69,24,44,39,6,7,83,62,18,8
C4920,23,50,District-Burhanpur,Urban,70-79,20,32,29,1,2,56,43,3,1
C4920,23,50,District-Burhanpur,Urban,80-89,10,12,9,1,0,18,19,0,1
C4920,23,50,District-Burhanpur,Urban,90+,2,4,3,0,2,2,5,0,0
C4920,23,50,District-Burhanpur,Urban,Age Not Stated,0,0,2,0,0,1,0,0,1
