Table Name,State Code,Distt.Code,Area Name ,Total/Rural/Urban,Age-group,Total number of disabled persons Persons,Total number of disabled persons Males,Total number of disabled persons females,In seeing Persons Persons ,In seeing Persons Males ,In seeing Persons Females ,In Hearing Persons Persons ,In Hearing Persons Males ,In Hearing Persons Females 
C4920,10,1,District-Pashchim Champaran,Rural,0-4,958,911,815,89,59,320,242,102,81
C4920,10,1,District-Pashchim Champaran,Rural,5-9,1309,1341,1255,439,363,511,347,220,135
C4920,10,1,District-Pashchim Champaran,Rural,10-19,1945,2082,1660,739,511,1508,778,499,289
C4920,10,1,District-Pashchim Champaran,Rural,20-29,1169,1362,1077,442,303,1161,451,322,165
C4920,10,1,District-Pashchim Champaran,Rural,30-39,1157,1238,1050,452,303,889,404,289,160
C4920,10,1,District-Pashchim Champaran,Rural,40-49,1055,1020,804,348,236,731,282,212,111
C4920,10,1,District-Pashchim Champaran,Rural,50-59,758,715,575,239,162,594,309,126,90
C4920,10,1,District-Pashchim Champaran,Rural,60-69,902,693,596,183,125,728,391,93,67
C4920,10,1,District-Pashchim Champaran,Rural,70-79,407,304,187,55,47,374,173,30,28
C4920,10,1,District-Pashchim Champaran,Rural,80-89,75,81,59,10,10,81,51,4,7
C4920,10,1,District-Pashchim Champaran,Rural,90+,25,18,24,2,4,24,15,8,0
C4920,10,1,District-Pashchim Champaran,Rural,Age Not Stated,11,28,20,1,1,1,3,3,2
C4920,10,1,District-Pashchim Champaran,Urban,0-4,43,63,47,7,5,27,19,3,5
C4920,10,1,District-Pashchim Champaran,Urban,5-9,62,76,78,42,38,47,34,15,13
C4920,10,1,District-Pashchim Champaran,Urban,10-19,122,164,152,89,54,158,95,56,35
C4920,10,1,District-Pashchim Champaran,Urban,20-29,77,216,109,62,29,145,57,55,24
C4920,10,1,District-Pashchim Champaran,Urban,30-39,68,152,62,30,34,109,47,43,25
C4920,10,1,District-Pashchim Champaran,Urban,40-49,51,122,60,40,23,99,47,42,6
C4920,10,1,District-Pashchim Champaran,Urban,50-59,51,75,58,26,13,92,58,16,9
C4920,10,1,District-Pashchim Champaran,Urban,60-69,48,66,46,14,10,91,51,11,6
C4920,10,1,District-Pashchim Champaran,Urban,70-79,29,20,20,9,5,48,39,5,2
C4920,10,1,District-Pashchim Champaran,Urban,80-89,9,5,7,0,3,11,6,1,1
C4920,10,1,District-Pashchim Champaran,Urban,90+,2,2,6,0,0,0,4,0,1
C4920,10,1,District-Pashchim Champaran,Urban,Age Not Stated,1,4,1,0,0,0,1,0,1
C4920,10,2,District-Purba Champaran,Rural,0-4,1916,1325,1304,121,112,385,256,171,137
C4920,10,2,District-Purba Champaran,Rural,5-9,2255,1829,1652,697,518,608,358,338,248
C4920,10,2,District-Purba Champaran,Rural,10-19,3498,2642,2173,1092,658,1666,748,786,419
C4920,10,2,District-Purba Champaran,Rural,20-29,2046,1735,1587,708,510,1280,406,526,264
C4920,10,2,District-Purba Champaran,Rural,30-39,2043,1696,1516,642,439,966,409,439,247
C4920,10,2,District-Purba Champaran,Rural,40-49,1599,1381,1088,419,317,900,351,293,183
C4920,10,2,District-Purba Champaran,Rural,50-59,1209,910,785,334,252,750,381,177,126
C4920,10,2,District-Purba Champaran,Rural,60-69,1282,931,719,265,196,909,488,139,95
C4920,10,2,District-Purba Champaran,Rural,70-79,560,411,281,85,54,472,237,56,27
C4920,10,2,District-Purba Champaran,Rural,80-89,145,100,86,12,13,109,74,16,8
C4920,10,2,District-Purba Champaran,Rural,90+,42,37,30,11,6,24,20,4,2
C4920,10,2,District-Purba Champaran,Rural,Age Not Stated,22,54,29,21,14,18,3,5,0
C4920,10,2,District-Purba Champaran,Urban,0-4,233,126,173,12,8,28,22,14,14
C4920,10,2,District-Purba Champaran,Urban,5-9,330,186,191,49,31,45,29,25,18
C4920,10,2,District-Purba Champaran,Urban,10-19,513,334,284,88,57,131,74,96,47
C4920,10,2,District-Purba Champaran,Urban,20-29,320,221,203,51,34,118,64,73,24
C4920,10,2,District-Purba Champaran,Urban,30-39,271,215,187,62,44,106,43,36,16
C4920,10,2,District-Purba Champaran,Urban,40-49,230,169,145,40,25,100,49,38,14
C4920,10,2,District-Purba Champaran,Urban,50-59,147,105,89,26,18,100,49,17,10
C4920,10,2,District-Purba Champaran,Urban,60-69,112,95,80,25,19,112,48,10,6
C4920,10,2,District-Purba Champaran,Urban,70-79,68,39,24,4,1,55,26,2,2
C4920,10,2,District-Purba Champaran,Urban,80-89,12,15,8,2,2,10,10,2,0
C4920,10,2,District-Purba Champaran,Urban,90+,3,8,6,0,3,1,3,1,0
C4920,10,2,District-Purba Champaran,Urban,Age Not Stated,2,16,11,0,2,2,1,0,0
C4920,10,3,District-Sheohar,Rural,0-4,106,219,221,10,14,62,53,22,18
C4920,10,3,District-Sheohar,Rural,5-9,140,390,314,105,61,86,53,50,28
C4920,10,3,District-Sheohar,Rural,10-19,248,611,412,120,91,264,124,98,63
C4920,10,3,District-Sheohar,Rural,20-29,145,340,319,108,57,222,61,85,15
C4920,10,3,District-Sheohar,Rural,30-39,125,348,295,79,57,157,79,80,27
C4920,10,3,District-Sheohar,Rural,40-49,113,251,205,47,41,156,69,53,41
C4920,10,3,District-Sheohar,Rural,50-59,118,182,172,35,31,182,66,35,22
C4920,10,3,District-Sheohar,Rural,60-69,154,218,180,41,36,246,130,32,27
C4920,10,3,District-Sheohar,Rural,70-79,80,116,70,13,13,106,50,11,6
C4920,10,3,District-Sheohar,Rural,80-89,25,29,14,3,5,41,13,0,1
C4920,10,3,District-Sheohar,Rural,90+,10,6,2,0,2,10,2,0,0
C4920,10,3,District-Sheohar,Rural,Age Not Stated,3,3,5,2,1,4,2,1,0
C4920,10,3,District-Sheohar,Urban,0-4,7,14,17,1,1,4,5,1,2
C4920,10,3,District-Sheohar,Urban,5-9,15,13,17,5,6,3,5,2,1
C4920,10,3,District-Sheohar,Urban,10-19,20,17,22,5,2,12,5,9,0
C4920,10,3,District-Sheohar,Urban,20-29,12,15,13,7,4,11,2,5,3
C4920,10,3,District-Sheohar,Urban,30-39,21,17,14,2,2,11,3,5,1
C4920,10,3,District-Sheohar,Urban,40-49,23,15,11,3,0,13,2,1,1
C4920,10,3,District-Sheohar,Urban,50-59,13,11,13,5,2,14,3,1,2
C4920,10,3,District-Sheohar,Urban,60-69,13,12,12,4,1,10,4,3,0
C4920,10,3,District-Sheohar,Urban,70-79,3,3,6,0,0,4,3,0,0
C4920,10,3,District-Sheohar,Urban,80-89,0,2,0,0,0,1,3,1,0
C4920,10,3,District-Sheohar,Urban,90+,1,1,1,0,0,0,0,0,0
C4920,10,3,District-Sheohar,Urban,Age Not Stated,0,0,1,0,0,0,0,0,0
C4920,10,4,District-Sitamarhi,Rural,0-4,1375,1406,1307,133,107,283,258,86,80
C4920,10,4,District-Sitamarhi,Rural,5-9,1771,1669,1590,726,576,450,303,145,127
C4920,10,4,District-Sitamarhi,Rural,10-19,2732,2731,2249,1216,845,1210,552,481,256
C4920,10,4,District-Sitamarhi,Rural,20-29,1746,1890,1595,911,637,985,332,424,190
C4920,10,4,District-Sitamarhi,Rural,30-39,1691,1799,1550,890,555,852,322,397,172
C4920,10,4,District-Sitamarhi,Rural,40-49,1405,1384,1095,597,401,806,332,291,146
C4920,10,4,District-Sitamarhi,Rural,50-59,1050,964,834,350,255,763,350,162,93
C4920,10,4,District-Sitamarhi,Rural,60-69,1158,1012,768,315,219,1048,514,98,91
C4920,10,4,District-Sitamarhi,Rural,70-79,569,413,323,103,57,605,326,39,29
C4920,10,4,District-Sitamarhi,Rural,80-89,141,107,86,23,16,125,102,10,22
C4920,10,4,District-Sitamarhi,Rural,90+,54,33,28,16,9,41,37,4,2
C4920,10,4,District-Sitamarhi,Rural,Age Not Stated,173,187,164,61,29,33,25,22,6
C4920,10,4,District-Sitamarhi,Urban,0-4,50,55,39,2,2,14,9,5,2
C4920,10,4,District-Sitamarhi,Urban,5-9,69,57,65,27,23,21,9,10,6
C4920,10,4,District-Sitamarhi,Urban,10-19,107,151,113,48,39,62,35,35,12
C4920,10,4,District-Sitamarhi,Urban,20-29,93,94,82,38,26,47,31,25,10
C4920,10,4,District-Sitamarhi,Urban,30-39,75,84,79,38,21,50,18,22,10
C4920,10,4,District-Sitamarhi,Urban,40-49,67,62,54,27,22,41,11,26,12
C4920,10,4,District-Sitamarhi,Urban,50-59,48,39,48,20,12,36,12,5,3
C4920,10,4,District-Sitamarhi,Urban,60-69,39,44,27,14,7,27,16,2,4
C4920,10,4,District-Sitamarhi,Urban,70-79,16,25,16,4,1,12,17,3,2
C4920,10,4,District-Sitamarhi,Urban,80-89,7,2,3,0,0,5,4,0,1
C4920,10,4,District-Sitamarhi,Urban,90+,3,6,1,1,1,2,3,0,1
C4920,10,4,District-Sitamarhi,Urban,Age Not Stated,17,20,15,8,4,5,4,0,0
C4920,10,5,District-Madhubani,Rural,0-4,436,731,717,76,50,338,272,108,87
C4920,10,5,District-Madhubani,Rural,5-9,626,1014,975,515,386,570,383,249,170
C4920,10,5,District-Madhubani,Rural,10-19,1201,1707,1480,908,638,1716,945,721,386
C4920,10,5,District-Madhubani,Rural,20-29,849,1165,1042,541,403,1286,514,557,307
C4920,10,5,District-Madhubani,Rural,30-39,838,1142,1024,476,366,1082,504,555,248
C4920,10,5,District-Madhubani,Rural,40-49,737,1024,794,374,263,1105,472,448,203
C4920,10,5,District-Madhubani,Rural,50-59,638,741,622,222,177,898,472,236,138
C4920,10,5,District-Madhubani,Rural,60-69,906,795,741,196,165,1334,763,181,137
C4920,10,5,District-Madhubani,Rural,70-79,532,390,340,81,55,633,393,82,44
C4920,10,5,District-Madhubani,Rural,80-89,113,149,103,14,19,181,155,14,11
C4920,10,5,District-Madhubani,Rural,90+,38,36,32,7,10,46,41,4,4
C4920,10,5,District-Madhubani,Rural,Age Not Stated,28,45,32,11,4,12,11,4,2
C4920,10,5,District-Madhubani,Urban,0-4,27,49,40,1,2,8,14,4,2
C4920,10,5,District-Madhubani,Urban,5-9,17,63,60,17,11,22,22,10,7
C4920,10,5,District-Madhubani,Urban,10-19,48,113,122,29,15,69,45,15,11
C4920,10,5,District-Madhubani,Urban,20-29,33,73,71,17,13,57,24,25,10
C4920,10,5,District-Madhubani,Urban,30-39,37,73,76,16,10,46,23,23,9
C4920,10,5,District-Madhubani,Urban,40-49,32,64,60,7,9,36,22,19,7
C4920,10,5,District-Madhubani,Urban,50-59,24,53,32,6,5,44,10,13,5
C4920,10,5,District-Madhubani,Urban,60-69,34,39,28,2,5,39,22,7,8
C4920,10,5,District-Madhubani,Urban,70-79,14,25,15,1,1,18,16,6,3
C4920,10,5,District-Madhubani,Urban,80-89,7,3,6,0,0,10,3,1,2
C4920,10,5,District-Madhubani,Urban,90+,0,0,2,0,0,1,1,0,0
C4920,10,5,District-Madhubani,Urban,Age Not Stated,0,2,0,0,0,2,0,0,0
C4920,10,6,District-Supaul,Rural,0-4,374,416,335,48,35,205,169,54,43
C4920,10,6,District-Supaul,Rural,5-9,443,509,476,277,213,324,230,121,92
C4920,10,6,District-Supaul,Rural,10-19,693,829,669,480,305,918,548,326,180
C4920,10,6,District-Supaul,Rural,20-29,457,615,538,282,207,663,356,258,129
C4920,10,6,District-Supaul,Rural,30-39,510,614,466,223,172,626,289,262,128
C4920,10,6,District-Supaul,Rural,40-49,410,506,385,170,119,605,236,182,104
C4920,10,6,District-Supaul,Rural,50-59,320,356,297,113,85,473,244,97,62
C4920,10,6,District-Supaul,Rural,60-69,382,377,328,103,69,577,301,88,54
C4920,10,6,District-Supaul,Rural,70-79,208,180,149,27,20,286,168,33,28
C4920,10,6,District-Supaul,Rural,80-89,64,60,43,8,11,85,75,8,4
C4920,10,6,District-Supaul,Rural,90+,15,25,18,3,4,31,18,5,0
C4920,10,6,District-Supaul,Rural,Age Not Stated,6,15,8,2,1,3,2,1,1
C4920,10,6,District-Supaul,Urban,0-4,10,12,12,3,2,7,5,5,2
C4920,10,6,District-Supaul,Urban,5-9,13,15,9,10,8,9,9,11,7
C4920,10,6,District-Supaul,Urban,10-19,30,30,23,23,19,37,21,21,14
C4920,10,6,District-Supaul,Urban,20-29,28,20,14,15,12,21,12,14,6
C4920,10,6,District-Supaul,Urban,30-39,17,19,13,11,11,17,7,10,4
C4920,10,6,District-Supaul,Urban,40-49,8,18,5,6,1,23,11,7,5
C4920,10,6,District-Supaul,Urban,50-59,12,13,14,4,3,22,10,6,4
C4920,10,6,District-Supaul,Urban,60-69,16,11,7,6,3,22,11,4,7
C4920,10,6,District-Supaul,Urban,70-79,10,8,6,2,1,13,10,1,2
C4920,10,6,District-Supaul,Urban,80-89,3,1,3,1,1,9,2,1,1
C4920,10,6,District-Supaul,Urban,90+,1,0,0,0,0,1,4,0,0
C4920,10,6,District-Supaul,Urban,Age Not Stated,0,1,0,0,0,0,1,0,0
C4920,10,7,District-Araria,Rural,0-4,280,474,476,52,39,245,225,84,71
C4920,10,7,District-Araria,Rural,5-9,388,616,646,353,286,451,320,153,94
C4920,10,7,District-Araria,Rural,10-19,655,1043,995,579,447,1183,752,347,314
C4920,10,7,District-Araria,Rural,20-29,390,720,636,357,320,855,396,283,178
C4920,10,7,District-Araria,Rural,30-39,397,678,550,335,267,595,271,228,156
C4920,10,7,District-Araria,Rural,40-49,358,522,428,192,166,506,199,148,94
C4920,10,7,District-Araria,Rural,50-59,258,434,297,122,95,400,209,96,68
C4920,10,7,District-Araria,Rural,60-69,332,368,276,89,77,449,255,67,69
C4920,10,7,District-Araria,Rural,70-79,185,165,155,22,23,234,144,23,26
C4920,10,7,District-Araria,Rural,80-89,53,52,34,12,7,59,48,9,5
C4920,10,7,District-Araria,Rural,90+,18,19,7,6,4,25,18,4,1
C4920,10,7,District-Araria,Rural,Age Not Stated,10,11,5,1,4,6,0,0,0
C4920,10,7,District-Araria,Urban,0-4,12,15,21,1,2,7,6,1,1
C4920,10,7,District-Araria,Urban,5-9,18,30,36,19,13,21,13,10,6
C4920,10,7,District-Araria,Urban,10-19,27,56,63,34,26,55,34,35,23
C4920,10,7,District-Araria,Urban,20-29,19,34,36,18,15,40,27,29,12
C4920,10,7,District-Araria,Urban,30-39,20,47,40,28,15,48,18,21,12
C4920,10,7,District-Araria,Urban,40-49,19,41,33,15,11,28,15,13,9
C4920,10,7,District-Araria,Urban,50-59,7,30,18,13,14,22,8,6,5
C4920,10,7,District-Araria,Urban,60-69,18,37,25,6,4,29,20,5,4
C4920,10,7,District-Araria,Urban,70-79,6,12,10,1,2,14,16,1,2
C4920,10,7,District-Araria,Urban,80-89,4,3,3,0,0,6,10,1,0
C4920,10,7,District-Araria,Urban,90+,0,2,0,0,0,2,0,0,0
C4920,10,7,District-Araria,Urban,Age Not Stated,0,0,0,2,0,0,0,0,0
C4920,10,8,District-Kishanganj,Rural,0-4,183,254,299,31,28,114,86,41,50
C4920,10,8,District-Kishanganj,Rural,5-9,229,429,382,161,133,206,143,106,88
C4920,10,8,District-Kishanganj,Rural,10-19,355,625,624,298,213,472,346,255,188
C4920,10,8,District-Kishanganj,Rural,20-29,225,362,341,167,151,285,136,159,146
C4920,10,8,District-Kishanganj,Rural,30-39,199,339,330,142,127,234,98,136,130
C4920,10,8,District-Kishanganj,Rural,40-49,204,371,301,95,92,230,104,116,96
C4920,10,8,District-Kishanganj,Rural,50-59,143,240,183,58,47,211,104,69,62
C4920,10,8,District-Kishanganj,Rural,60-69,176,217,236,43,38,235,146,55,48
C4920,10,8,District-Kishanganj,Rural,70-79,93,115,95,18,10,108,84,8,15
C4920,10,8,District-Kishanganj,Rural,80-89,26,30,38,4,4,29,33,2,3
C4920,10,8,District-Kishanganj,Rural,90+,13,14,16,2,4,12,10,2,1
C4920,10,8,District-Kishanganj,Rural,Age Not Stated,0,4,1,1,0,2,0,0,1
C4920,10,8,District-Kishanganj,Urban,0-4,3,26,10,1,0,13,7,3,3
C4920,10,8,District-Kishanganj,Urban,5-9,12,23,22,19,19,21,13,6,6
C4920,10,8,District-Kishanganj,Urban,10-19,24,38,51,40,27,44,28,31,20
C4920,10,8,District-Kishanganj,Urban,20-29,18,46,26,13,11,45,29,31,15
C4920,10,8,District-Kishanganj,Urban,30-39,20,31,23,12,17,43,19,30,12
C4920,10,8,District-Kishanganj,Urban,40-49,24,29,18,21,7,46,25,17,13
C4920,10,8,District-Kishanganj,Urban,50-59,41,24,24,8,0,40,17,17,4
C4920,10,8,District-Kishanganj,Urban,60-69,31,31,18,4,4,27,18,11,2
C4920,10,8,District-Kishanganj,Urban,70-79,17,8,8,1,2,16,5,1,0
C4920,10,8,District-Kishanganj,Urban,80-89,2,3,8,0,0,3,0,0,0
C4920,10,8,District-Kishanganj,Urban,90+,0,0,3,0,0,1,1,0,0
C4920,10,8,District-Kishanganj,Urban,Age Not Stated,1,0,0,0,0,0,0,0,0
C4920,10,9,District-Purnia,Rural,0-4,1437,1579,1524,110,102,231,179,93,95
C4920,10,9,District-Purnia,Rural,5-9,1749,1975,1812,672,626,369,266,175,141
C4920,10,9,District-Purnia,Rural,10-19,2630,2994,2611,1077,945,1107,726,430,281
C4920,10,9,District-Purnia,Rural,20-29,1608,1966,1763,836,707,712,418,271,234
C4920,10,9,District-Purnia,Rural,30-39,1560,1956,1519,813,613,592,245,297,205
C4920,10,9,District-Purnia,Rural,40-49,1237,1516,1076,545,417,564,195,204,124
C4920,10,9,District-Purnia,Rural,50-59,826,984,735,329,282,432,210,130,93
C4920,10,9,District-Purnia,Rural,60-69,827,816,687,231,216,525,319,67,61
C4920,10,9,District-Purnia,Rural,70-79,342,340,215,96,61,308,178,41,27
C4920,10,9,District-Purnia,Rural,80-89,99,107,62,26,17,72,48,9,8
C4920,10,9,District-Purnia,Rural,90+,51,33,32,14,11,20,17,2,3
C4920,10,9,District-Purnia,Rural,Age Not Stated,184,281,268,74,76,43,16,25,18
C4920,10,9,District-Purnia,Urban,0-4,139,183,158,8,15,17,10,10,6
C4920,10,9,District-Purnia,Urban,5-9,158,198,198,51,51,39,24,14,16
C4920,10,9,District-Purnia,Urban,10-19,327,381,349,129,105,130,73,49,49
C4920,10,9,District-Purnia,Urban,20-29,235,291,269,115,96,115,70,49,32
C4920,10,9,District-Purnia,Urban,30-39,184,282,241,95,75,83,36,53,30
C4920,10,9,District-Purnia,Urban,40-49,190,239,158,88,60,95,31,43,18
C4920,10,9,District-Purnia,Urban,50-59,129,145,128,38,41,72,25,16,5
C4920,10,9,District-Purnia,Urban,60-69,81,112,72,43,29,64,29,13,8
C4920,10,9,District-Purnia,Urban,70-79,45,53,33,20,9,25,16,2,4
C4920,10,9,District-Purnia,Urban,80-89,16,9,6,1,2,5,10,1,1
C4920,10,9,District-Purnia,Urban,90+,4,1,12,1,1,0,2,1,1
C4920,10,9,District-Purnia,Urban,Age Not Stated,42,43,36,15,11,10,2,1,1
C4920,10,10,District-Katihar,Rural,0-4,195,356,407,58,51,218,156,59,55
C4920,10,10,District-Katihar,Rural,5-9,265,489,508,412,294,376,259,159,129
C4920,10,10,District-Katihar,Rural,10-19,603,836,799,631,509,1163,721,416,327
C4920,10,10,District-Katihar,Rural,20-29,348,595,495,403,330,798,362,332,218
C4920,10,10,District-Katihar,Rural,30-39,373,577,483,351,294,649,280,287,214
C4920,10,10,District-Katihar,Rural,40-49,429,502,417,289,176,565,242,225,146
C4920,10,10,District-Katihar,Rural,50-59,411,339,295,153,114,551,220,137,87
C4920,10,10,District-Katihar,Rural,60-69,433,357,318,104,93,593,325,81,65
C4920,10,10,District-Katihar,Rural,70-79,246,176,160,28,33,250,159,23,19
C4920,10,10,District-Katihar,Rural,80-89,70,68,49,13,12,84,77,7,5
C4920,10,10,District-Katihar,Rural,90+,33,21,17,4,1,25,21,3,3
C4920,10,10,District-Katihar,Rural,Age Not Stated,3,1,7,4,6,5,0,0,0
C4920,10,10,District-Katihar,Urban,0-4,22,25,29,5,3,22,10,4,5
C4920,10,10,District-Katihar,Urban,5-9,25,42,27,21,11,31,21,19,12
C4920,10,10,District-Katihar,Urban,10-19,60,76,87,51,40,85,54,47,30
C4920,10,10,District-Katihar,Urban,20-29,44,71,69,35,47,98,37,53,27
C4920,10,10,District-Katihar,Urban,30-39,48,77,44,38,27,71,39,45,20
C4920,10,10,District-Katihar,Urban,40-49,50,55,38,14,20,68,29,36,23
C4920,10,10,District-Katihar,Urban,50-59,56,58,41,16,16,51,31,19,11
C4920,10,10,District-Katihar,Urban,60-69,42,42,32,17,10,64,27,11,4
C4920,10,10,District-Katihar,Urban,70-79,19,24,16,3,3,34,12,3,3
C4920,10,10,District-Katihar,Urban,80-89,6,8,10,2,1,10,4,2,1
C4920,10,10,District-Katihar,Urban,90+,1,1,1,1,0,2,2,0,0
C4920,10,10,District-Katihar,Urban,Age Not Stated,0,0,0,0,0,0,0,0,3
C4920,10,11,District-Madhepura,Rural,0-4,176,343,309,27,26,164,132,31,29
C4920,10,11,District-Madhepura,Rural,5-9,239,462,452,211,191,287,214,70,56
C4920,10,11,District-Madhepura,Rural,10-19,445,712,591,403,228,810,479,225,121
C4920,10,11,District-Madhepura,Rural,20-29,294,468,473,247,164,554,261,182,83
C4920,10,11,District-Madhepura,Rural,30-39,351,479,390,188,156,499,230,145,58
C4920,10,11,District-Madhepura,Rural,40-49,313,399,306,141,112,479,212,107,64
C4920,10,11,District-Madhepura,Rural,50-59,266,310,272,112,71,397,171,71,30
C4920,10,11,District-Madhepura,Rural,60-69,313,311,279,82,59,432,249,44,31
C4920,10,11,District-Madhepura,Rural,70-79,181,141,111,31,12,201,93,15,9
C4920,10,11,District-Madhepura,Rural,80-89,36,48,45,3,5,44,50,5,3
C4920,10,11,District-Madhepura,Rural,90+,15,18,18,6,2,23,13,2,1
C4920,10,11,District-Madhepura,Rural,Age Not Stated,12,9,9,3,7,4,3,2,0
C4920,10,11,District-Madhepura,Urban,0-4,5,8,6,3,4,7,4,1,0
C4920,10,11,District-Madhepura,Urban,5-9,6,4,10,13,11,10,6,3,1
C4920,10,11,District-Madhepura,Urban,10-19,12,18,15,24,12,37,15,8,2
C4920,10,11,District-Madhepura,Urban,20-29,9,10,14,21,13,19,9,8,3
C4920,10,11,District-Madhepura,Urban,30-39,7,25,16,17,10,16,11,10,3
C4920,10,11,District-Madhepura,Urban,40-49,7,10,11,18,5,28,6,4,2
C4920,10,11,District-Madhepura,Urban,50-59,8,19,4,4,5,24,4,5,2
C4920,10,11,District-Madhepura,Urban,60-69,4,8,7,9,3,15,5,2,0
C4920,10,11,District-Madhepura,Urban,70-79,0,3,0,0,0,4,5,0,0
C4920,10,11,District-Madhepura,Urban,80-89,1,1,0,1,0,1,1,0,0
C4920,10,11,District-Madhepura,Urban,90+,0,0,0,0,0,0,4,0,1
C4920,10,11,District-Madhepura,Urban,Age Not Stated,0,0,1,1,0,0,0,0,0
C4920,10,12,District-Saharsa,Rural,0-4,255,222,182,18,21,117,83,30,33
C4920,10,12,District-Saharsa,Rural,5-9,288,275,274,164,113,211,162,79,56
C4920,10,12,District-Saharsa,Rural,10-19,505,464,339,264,188,653,346,192,92
C4920,10,12,District-Saharsa,Rural,20-29,324,322,275,194,138,440,207,143,85
C4920,10,12,District-Saharsa,Rural,30-39,334,349,244,147,96,397,166,135,66
C4920,10,12,District-Saharsa,Rural,40-49,284,276,179,116,73,384,135,111,50
C4920,10,12,District-Saharsa,Rural,50-59,231,177,162,60,47,329,121,63,26
C4920,10,12,District-Saharsa,Rural,60-69,297,211,208,58,45,370,180,32,27
C4920,10,12,District-Saharsa,Rural,70-79,152,160,113,21,9,194,131,9,9
C4920,10,12,District-Saharsa,Rural,80-89,55,40,44,5,6,65,71,3,2
C4920,10,12,District-Saharsa,Rural,90+,23,17,13,2,4,17,13,2,3
C4920,10,12,District-Saharsa,Rural,Age Not Stated,3,4,3,2,0,2,0,0,0
C4920,10,12,District-Saharsa,Urban,0-4,60,50,44,2,2,11,12,2,1
C4920,10,12,District-Saharsa,Urban,5-9,55,55,57,20,24,25,15,9,6
C4920,10,12,District-Saharsa,Urban,10-19,106,125,125,31,31,68,37,30,19
C4920,10,12,District-Saharsa,Urban,20-29,62,114,123,38,31,48,26,25,11
C4920,10,12,District-Saharsa,Urban,30-39,70,94,79,23,15,50,17,25,14
C4920,10,12,District-Saharsa,Urban,40-49,60,76,63,17,14,51,11,22,6
C4920,10,12,District-Saharsa,Urban,50-59,48,56,42,16,7,33,10,11,5
C4920,10,12,District-Saharsa,Urban,60-69,39,50,26,9,4,27,10,4,4
C4920,10,12,District-Saharsa,Urban,70-79,20,20,17,3,1,10,12,1,0
C4920,10,12,District-Saharsa,Urban,80-89,1,12,4,1,0,4,3,0,1
C4920,10,12,District-Saharsa,Urban,90+,2,1,2,0,0,1,1,0,0
C4920,10,12,District-Saharsa,Urban,Age Not Stated,0,1,2,0,0,0,2,0,0
C4920,10,13,District-Darbhanga,Rural,0-4,476,685,593,69,57,313,258,71,45
C4920,10,13,District-Darbhanga,Rural,5-9,592,862,720,438,320,497,381,161,108
C4920,10,13,District-Darbhanga,Rural,10-19,1165,1650,1299,757,577,1735,949,488,279
C4920,10,13,District-Darbhanga,Rural,20-29,776,1027,849,518,350,1274,527,499,200
C4920,10,13,District-Darbhanga,Rural,30-39,756,996,808,423,326,972,404,456,183
C4920,10,13,District-Darbhanga,Rural,40-49,666,850,633,279,210,980,329,358,132
C4920,10,13,District-Darbhanga,Rural,50-59,565,607,508,170,165,849,352,169,97
C4920,10,13,District-Darbhanga,Rural,60-69,709,664,611,173,141,1134,468,162,98
C4920,10,13,District-Darbhanga,Rural,70-79,393,292,264,54,42,484,283,56,43
C4920,10,13,District-Darbhanga,Rural,80-89,121,96,91,19,9,139,107,11,12
C4920,10,13,District-Darbhanga,Rural,90+,31,21,21,3,2,33,34,4,3
C4920,10,13,District-Darbhanga,Rural,Age Not Stated,14,29,12,6,11,7,5,5,2
C4920,10,13,District-Darbhanga,Urban,0-4,19,35,55,7,1,31,22,10,6
C4920,10,13,District-Darbhanga,Urban,5-9,31,71,85,23,24,44,35,23,8
C4920,10,13,District-Darbhanga,Urban,10-19,65,114,150,78,49,169,128,64,39
C4920,10,13,District-Darbhanga,Urban,20-29,55,83,107,44,32,178,72,72,26
C4920,10,13,District-Darbhanga,Urban,30-39,56,52,101,37,30,125,49,60,25
C4920,10,13,District-Darbhanga,Urban,40-49,51,70,85,21,17,99,35,60,20
C4920,10,13,District-Darbhanga,Urban,50-59,40,62,52,19,12,96,41,26,15
C4920,10,13,District-Darbhanga,Urban,60-69,57,40,43,6,9,98,32,22,4
C4920,10,13,District-Darbhanga,Urban,70-79,26,19,25,7,2,39,25,9,4
C4920,10,13,District-Darbhanga,Urban,80-89,2,4,13,3,0,14,5,1,2
C4920,10,13,District-Darbhanga,Urban,90+,1,1,4,0,0,3,0,0,0
C4920,10,13,District-Darbhanga,Urban,Age Not Stated,1,2,0,0,1,1,1,0,0
C4920,10,14,District-Muzaffarpur,Rural,0-4,1975,1500,1379,117,90,345,251,199,146
C4920,10,14,District-Muzaffarpur,Rural,5-9,2329,1761,1602,684,527,508,362,316,260
C4920,10,14,District-Muzaffarpur,Rural,10-19,3930,3036,2568,1140,854,1665,855,909,589
C4920,10,14,District-Muzaffarpur,Rural,20-29,2595,2141,1834,834,578,1588,583,726,388
C4920,10,14,District-Muzaffarpur,Rural,30-39,2410,2107,1693,795,564,1385,533,759,368
C4920,10,14,District-Muzaffarpur,Rural,40-49,1864,1580,1253,551,369,1260,455,566,254
C4920,10,14,District-Muzaffarpur,Rural,50-59,1260,1151,935,294,236,1085,444,279,188
C4920,10,14,District-Muzaffarpur,Rural,60-69,1466,1194,916,295,210,1540,678,247,167
C4920,10,14,District-Muzaffarpur,Rural,70-79,734,545,409,139,77,806,340,99,62
C4920,10,14,District-Muzaffarpur,Rural,80-89,222,157,130,19,18,211,123,26,11
C4920,10,14,District-Muzaffarpur,Rural,90+,74,50,49,11,18,57,39,15,5
C4920,10,14,District-Muzaffarpur,Rural,Age Not Stated,30,47,30,10,7,13,4,6,5
C4920,10,14,District-Muzaffarpur,Urban,0-4,90,115,115,14,10,40,18,16,15
C4920,10,14,District-Muzaffarpur,Urban,5-9,103,150,135,55,61,43,34,21,28
C4920,10,14,District-Muzaffarpur,Urban,10-19,227,319,300,111,64,155,105,101,66
C4920,10,14,District-Muzaffarpur,Urban,20-29,194,232,265,81,57,141,80,85,42
C4920,10,14,District-Muzaffarpur,Urban,30-39,137,229,242,67,48,119,62,78,36
C4920,10,14,District-Muzaffarpur,Urban,40-49,168,154,163,45,29,126,56,68,23
C4920,10,14,District-Muzaffarpur,Urban,50-59,84,116,105,35,30,105,47,29,17
C4920,10,14,District-Muzaffarpur,Urban,60-69,96,107,87,19,16,108,53,19,11
C4920,10,14,District-Muzaffarpur,Urban,70-79,39,30,38,7,9,68,30,6,8
C4920,10,14,District-Muzaffarpur,Urban,80-89,16,18,20,4,1,16,19,3,3
C4920,10,14,District-Muzaffarpur,Urban,90+,4,6,7,1,2,5,4,2,0
C4920,10,14,District-Muzaffarpur,Urban,Age Not Stated,3,1,3,1,0,2,0,2,2
C4920,10,15,District-Gopalganj,Rural,0-4,295,431,381,36,37,172,112,48,64
C4920,10,15,District-Gopalganj,Rural,5-9,405,563,536,260,213,312,190,147,104
C4920,10,15,District-Gopalganj,Rural,10-19,828,1056,909,576,442,1105,701,490,322
C4920,10,15,District-Gopalganj,Rural,20-29,404,678,587,333,248,807,356,336,188
C4920,10,15,District-Gopalganj,Rural,30-39,412,607,567,271,230,691,285,318,143
C4920,10,15,District-Gopalganj,Rural,40-49,438,521,434,179,140,680,264,262,105
C4920,10,15,District-Gopalganj,Rural,50-59,388,418,379,126,110,585,299,117,68
C4920,10,15,District-Gopalganj,Rural,60-69,561,482,402,103,73,715,384,85,64
C4920,10,15,District-Gopalganj,Rural,70-79,375,308,220,31,33,410,218,43,28
C4920,10,15,District-Gopalganj,Rural,80-89,98,84,53,13,9,104,85,15,6
C4920,10,15,District-Gopalganj,Rural,90+,32,24,13,6,2,25,33,3,1
C4920,10,15,District-Gopalganj,Rural,Age Not Stated,7,10,9,5,2,8,2,1,1
C4920,10,15,District-Gopalganj,Urban,0-4,8,20,25,2,2,8,7,3,3
C4920,10,15,District-Gopalganj,Urban,5-9,20,44,25,19,12,14,15,10,2
C4920,10,15,District-Gopalganj,Urban,10-19,41,48,39,40,29,57,41,28,24
C4920,10,15,District-Gopalganj,Urban,20-29,28,37,35,30,11,65,21,30,16
C4920,10,15,District-Gopalganj,Urban,30-39,22,38,28,16,12,52,18,22,6
C4920,10,15,District-Gopalganj,Urban,40-49,19,28,28,14,13,38,21,18,10
C4920,10,15,District-Gopalganj,Urban,50-59,23,30,27,9,9,39,21,9,4
C4920,10,15,District-Gopalganj,Urban,60-69,21,26,23,5,9,40,28,6,1
C4920,10,15,District-Gopalganj,Urban,70-79,9,7,7,5,3,27,8,0,1
C4920,10,15,District-Gopalganj,Urban,80-89,5,1,5,1,2,5,5,2,1
C4920,10,15,District-Gopalganj,Urban,90+,4,0,3,0,1,3,1,0,0
C4920,10,15,District-Gopalganj,Urban,Age Not Stated,0,0,0,3,1,0,0,0,0
C4920,10,16,District-Siwan,Rural,0-4,466,593,624,48,46,196,129,70,58
C4920,10,16,District-Siwan,Rural,5-9,676,861,766,315,230,407,237,214,123
C4920,10,16,District-Siwan,Rural,10-19,1201,1583,1351,651,531,1461,828,625,424
C4920,10,16,District-Siwan,Rural,20-29,778,915,874,375,249,1236,430,475,230
C4920,10,16,District-Siwan,Rural,30-39,650,816,718,348,233,947,331,487,231
C4920,10,16,District-Siwan,Rural,40-49,580,651,493,210,184,804,280,348,117
C4920,10,16,District-Siwan,Rural,50-59,490,490,438,139,103,663,266,173,91
C4920,10,16,District-Siwan,Rural,60-69,683,593,491,129,120,946,469,127,77
C4920,10,16,District-Siwan,Rural,70-79,405,353,245,64,33,556,290,54,32
C4920,10,16,District-Siwan,Rural,80-89,127,128,76,10,7,173,108,15,13
C4920,10,16,District-Siwan,Rural,90+,36,31,37,11,11,39,25,4,4
C4920,10,16,District-Siwan,Rural,Age Not Stated,6,18,18,3,3,3,1,2,1
C4920,10,16,District-Siwan,Urban,0-4,29,42,33,4,4,5,1,2,2
C4920,10,16,District-Siwan,Urban,5-9,53,56,47,20,11,13,9,9,2
C4920,10,16,District-Siwan,Urban,10-19,87,86,80,41,25,62,36,37,23
C4920,10,16,District-Siwan,Urban,20-29,81,77,60,33,20,61,10,39,17
C4920,10,16,District-Siwan,Urban,30-39,53,70,58,25,21,46,18,18,10
C4920,10,16,District-Siwan,Urban,40-49,43,64,38,14,9,43,13,15,9
C4920,10,16,District-Siwan,Urban,50-59,39,36,38,17,8,31,10,6,2
C4920,10,16,District-Siwan,Urban,60-69,38,29,21,7,1,25,14,10,0
C4920,10,16,District-Siwan,Urban,70-79,15,15,9,4,5,16,6,0,1
C4920,10,16,District-Siwan,Urban,80-89,8,6,2,4,1,0,6,0,0
C4920,10,16,District-Siwan,Urban,90+,1,0,2,0,0,3,3,0,0
C4920,10,16,District-Siwan,Urban,Age Not Stated,0,3,3,0,1,0,0,1,0
C4920,10,17,District-Saran,Rural,0-4,823,741,711,68,59,263,204,91,66
C4920,10,17,District-Saran,Rural,5-9,1100,1010,951,489,347,517,312,244,151
C4920,10,17,District-Saran,Rural,10-19,1978,1865,1572,856,621,1778,948,727,403
C4920,10,17,District-Saran,Rural,20-29,1255,1178,1002,537,341,1512,577,639,239
C4920,10,17,District-Saran,Rural,30-39,1068,1110,960,469,307,1288,488,631,216
C4920,10,17,District-Saran,Rural,40-49,1101,931,722,360,257,1112,404,496,161
C4920,10,17,District-Saran,Rural,50-59,962,722,662,228,167,1023,495,208,137
C4920,10,17,District-Saran,Rural,60-69,1439,975,842,194,162,1524,994,176,117
C4920,10,17,District-Saran,Rural,70-79,974,634,490,99,66,1180,729,78,57
C4920,10,17,District-Saran,Rural,80-89,262,230,158,25,21,379,273,23,21
C4920,10,17,District-Saran,Rural,90+,61,48,53,15,8,83,80,5,5
C4920,10,17,District-Saran,Rural,Age Not Stated,11,22,13,6,3,7,5,2,3
C4920,10,17,District-Saran,Urban,0-4,90,72,64,5,2,23,11,7,4
C4920,10,17,District-Saran,Urban,5-9,122,95,72,38,36,33,22,28,19
C4920,10,17,District-Saran,Urban,10-19,228,190,178,88,64,123,73,62,48
C4920,10,17,District-Saran,Urban,20-29,163,128,107,74,53,118,60,72,33
C4920,10,17,District-Saran,Urban,30-39,148,125,107,63,39,96,35,51,22
C4920,10,17,District-Saran,Urban,40-49,130,107,76,55,35,83,31,61,10
C4920,10,17,District-Saran,Urban,50-59,105,57,57,43,23,71,33,21,13
C4920,10,17,District-Saran,Urban,60-69,114,75,65,25,19,103,56,9,8
C4920,10,17,District-Saran,Urban,70-79,66,51,33,12,5,67,45,8,3
C4920,10,17,District-Saran,Urban,80-89,11,16,12,3,1,23,19,1,2
C4920,10,17,District-Saran,Urban,90+,1,4,4,1,1,4,3,0,1
C4920,10,17,District-Saran,Urban,Age Not Stated,4,3,2,0,0,1,0,0,0
C4920,10,18,District-Vaishali,Rural,0-4,1873,1433,1364,98,57,252,162,131,94
C4920,10,18,District-Vaishali,Rural,5-9,2130,1668,1496,448,331,353,236,202,132
C4920,10,18,District-Vaishali,Rural,10-19,3596,2947,2393,868,589,1334,670,674,406
C4920,10,18,District-Vaishali,Rural,20-29,2411,2108,1753,631,457,1280,483,559,240
C4920,10,18,District-Vaishali,Rural,30-39,2168,1894,1456,532,362,955,367,492,257
C4920,10,18,District-Vaishali,Rural,40-49,1651,1475,926,389,248,754,276,375,158
C4920,10,18,District-Vaishali,Rural,50-59,1038,920,738,238,170,544,229,167,104
C4920,10,18,District-Vaishali,Rural,60-69,1241,1062,788,218,149,759,410,116,94
C4920,10,18,District-Vaishali,Rural,70-79,624,506,314,107,58,471,224,49,33
C4920,10,18,District-Vaishali,Rural,80-89,197,131,124,24,28,143,103,12,13
C4920,10,18,District-Vaishali,Rural,90+,79,73,50,9,7,45,38,7,2
C4920,10,18,District-Vaishali,Rural,Age Not Stated,394,406,281,73,47,142,62,42,29
C4920,10,18,District-Vaishali,Urban,0-4,188,99,80,8,3,17,12,7,5
C4920,10,18,District-Vaishali,Urban,5-9,215,119,96,33,21,24,14,18,8
C4920,10,18,District-Vaishali,Urban,10-19,410,241,187,59,73,101,50,41,32
C4920,10,18,District-Vaishali,Urban,20-29,277,204,162,49,44,86,40,40,14
C4920,10,18,District-Vaishali,Urban,30-39,237,155,141,42,39,66,32,33,18
C4920,10,18,District-Vaishali,Urban,40-49,218,125,96,37,27,55,18,19,8
C4920,10,18,District-Vaishali,Urban,50-59,149,75,81,31,18,34,11,13,13
C4920,10,18,District-Vaishali,Urban,60-69,156,70,54,22,12,60,32,8,1
C4920,10,18,District-Vaishali,Urban,70-79,81,36,27,13,2,32,22,3,5
C4920,10,18,District-Vaishali,Urban,80-89,23,11,10,2,1,7,8,2,1
C4920,10,18,District-Vaishali,Urban,90+,7,9,3,1,1,3,2,0,1
C4920,10,18,District-Vaishali,Urban,Age Not Stated,39,27,27,5,2,13,6,2,3
C4920,10,19,District-Samastipur,Rural,0-4,491,1071,924,85,69,400,298,64,52
C4920,10,19,District-Samastipur,Rural,5-9,721,1182,1042,481,355,716,412,226,144
C4920,10,19,District-Samastipur,Rural,10-19,1306,2208,1738,864,620,2369,1242,820,470
C4920,10,19,District-Samastipur,Rural,20-29,903,1545,1210,605,398,2168,908,773,314
C4920,10,19,District-Samastipur,Rural,30-39,871,1448,1081,501,319,1659,656,774,304
C4920,10,19,District-Samastipur,Rural,40-49,719,1102,801,330,243,1314,540,550,210
C4920,10,19,District-Samastipur,Rural,50-59,647,786,600,178,184,1093,500,216,119
C4920,10,19,District-Samastipur,Rural,60-69,836,767,596,154,136,1399,722,159,102
C4920,10,19,District-Samastipur,Rural,70-79,461,373,278,59,54,684,388,65,38
C4920,10,19,District-Samastipur,Rural,80-89,134,112,78,22,11,176,140,15,9
C4920,10,19,District-Samastipur,Rural,90+,38,23,38,6,6,51,64,8,4
C4920,10,19,District-Samastipur,Rural,Age Not Stated,26,29,23,11,4,24,8,6,3
C4920,10,19,District-Samastipur,Urban,0-4,16,23,16,6,2,13,6,5,1
C4920,10,19,District-Samastipur,Urban,5-9,10,22,18,9,11,17,15,5,8
C4920,10,19,District-Samastipur,Urban,10-19,39,52,52,23,21,64,40,26,17
C4920,10,19,District-Samastipur,Urban,20-29,18,53,52,21,11,61,39,31,9
C4920,10,19,District-Samastipur,Urban,30-39,22,44,40,13,8,57,21,24,11
C4920,10,19,District-Samastipur,Urban,40-49,17,41,40,12,11,44,18,22,10
C4920,10,19,District-Samastipur,Urban,50-59,18,24,27,11,5,49,14,10,2
C4920,10,19,District-Samastipur,Urban,60-69,24,33,15,4,4,36,25,7,4
C4920,10,19,District-Samastipur,Urban,70-79,9,14,8,2,2,25,11,0,0
C4920,10,19,District-Samastipur,Urban,80-89,3,3,2,2,0,12,4,0,0
C4920,10,19,District-Samastipur,Urban,90+,1,0,1,1,1,0,3,0,0
C4920,10,19,District-Samastipur,Urban,Age Not Stated,0,0,3,0,0,3,0,0,0
C4920,10,20,District-Begusarai,Rural,0-4,1212,764,777,60,45,195,137,87,74
C4920,10,20,District-Begusarai,Rural,5-9,1462,995,1013,363,306,349,217,153,106
C4920,10,20,District-Begusarai,Rural,10-19,2539,1696,1471,657,447,1574,833,472,278
C4920,10,20,District-Begusarai,Rural,20-29,1769,1198,1142,481,345,1404,614,423,227
C4920,10,20,District-Begusarai,Rural,30-39,1583,1112,992,471,318,930,339,410,213
C4920,10,20,District-Begusarai,Rural,40-49,1126,840,651,272,178,724,238,233,117
C4920,10,20,District-Begusarai,Rural,50-59,791,507,482,170,127,518,213,128,95
C4920,10,20,District-Begusarai,Rural,60-69,822,564,526,166,135,621,339,82,57
C4920,10,20,District-Begusarai,Rural,70-79,382,262,201,62,26,332,142,28,21
C4920,10,20,District-Begusarai,Rural,80-89,102,64,83,16,13,84,67,12,7
C4920,10,20,District-Begusarai,Rural,90+,37,23,22,4,3,22,22,2,0
C4920,10,20,District-Begusarai,Rural,Age Not Stated,12,19,17,2,5,13,3,3,0
C4920,10,20,District-Begusarai,Urban,0-4,201,164,171,11,16,46,30,23,10
C4920,10,20,District-Begusarai,Urban,5-9,259,190,197,75,61,78,53,29,26
C4920,10,20,District-Begusarai,Urban,10-19,499,384,329,149,120,329,187,98,69
C4920,10,20,District-Begusarai,Urban,20-29,353,314,275,128,89,340,162,104,53
C4920,10,20,District-Begusarai,Urban,30-39,357,276,226,91,78,231,95,108,44
C4920,10,20,District-Begusarai,Urban,40-49,237,229,174,84,48,142,62,83,27
C4920,10,20,District-Begusarai,Urban,50-59,163,144,107,49,27,141,47,36,25
C4920,10,20,District-Begusarai,Urban,60-69,166,125,111,29,25,109,65,19,17
C4920,10,20,District-Begusarai,Urban,70-79,83,48,36,13,8,55,39,10,6
C4920,10,20,District-Begusarai,Urban,80-89,23,14,10,2,3,18,14,2,0
C4920,10,20,District-Begusarai,Urban,90+,9,2,5,0,0,8,2,0,0
C4920,10,20,District-Begusarai,Urban,Age Not Stated,1,4,2,0,0,0,1,0,0
C4920,10,21,District-Khagaria,Rural,0-4,241,262,241,25,26,145,111,46,37
C4920,10,21,District-Khagaria,Rural,5-9,322,328,349,150,132,261,184,87,65
C4920,10,21,District-Khagaria,Rural,10-19,507,570,488,270,184,928,462,260,166
C4920,10,21,District-Khagaria,Rural,20-29,305,404,339,163,110,721,311,202,103
C4920,10,21,District-Khagaria,Rural,30-39,349,384,324,148,101,538,214,177,87
C4920,10,21,District-Khagaria,Rural,40-49,281,297,208,83,60,428,138,132,66
C4920,10,21,District-Khagaria,Rural,50-59,208,219,160,69,42,346,115,51,36
C4920,10,21,District-Khagaria,Rural,60-69,298,193,189,58,45,376,172,51,41
C4920,10,21,District-Khagaria,Rural,70-79,156,106,72,11,9,181,82,17,9
C4920,10,21,District-Khagaria,Rural,80-89,33,24,10,7,2,49,31,1,4
C4920,10,21,District-Khagaria,Rural,90+,9,12,8,1,1,12,7,5,1
C4920,10,21,District-Khagaria,Rural,Age Not Stated,4,3,2,0,0,0,0,1,0
C4920,10,21,District-Khagaria,Urban,0-4,8,6,13,1,0,5,3,3,1
C4920,10,21,District-Khagaria,Urban,5-9,10,12,14,10,3,19,6,6,3
C4920,10,21,District-Khagaria,Urban,10-19,21,18,25,15,6,39,26,15,16
C4920,10,21,District-Khagaria,Urban,20-29,18,17,15,7,5,48,15,19,4
C4920,10,21,District-Khagaria,Urban,30-39,18,16,14,6,3,21,8,7,7
C4920,10,21,District-Khagaria,Urban,40-49,19,12,11,6,4,21,4,8,4
C4920,10,21,District-Khagaria,Urban,50-59,18,9,8,5,2,15,11,4,2
C4920,10,21,District-Khagaria,Urban,60-69,11,12,8,2,4,16,7,3,1
C4920,10,21,District-Khagaria,Urban,70-79,6,6,3,3,1,7,4,0,0
C4920,10,21,District-Khagaria,Urban,80-89,2,0,1,1,0,2,0,0,1
C4920,10,21,District-Khagaria,Urban,90+,1,0,2,0,0,0,1,1,0
C4920,10,21,District-Khagaria,Urban,Age Not Stated,0,0,1,0,0,0,0,0,0
C4920,10,22,District-Bhagalpur,Rural,0-4,545,803,743,41,45,177,122,37,38
C4920,10,22,District-Bhagalpur,Rural,5-9,738,1012,942,278,248,287,190,127,85
C4920,10,22,District-Bhagalpur,Rural,10-19,1269,1799,1381,541,370,1392,722,346,229
C4920,10,22,District-Bhagalpur,Rural,20-29,881,1303,980,376,250,1057,398,284,117
C4920,10,22,District-Bhagalpur,Rural,30-39,800,1175,880,302,203,768,301,248,106
C4920,10,22,District-Bhagalpur,Rural,40-49,664,938,641,231,124,560,163,197,71
C4920,10,22,District-Bhagalpur,Rural,50-59,432,596,465,132,98,511,207,86,46
C4920,10,22,District-Bhagalpur,Rural,60-69,472,585,446,106,82,555,239,52,36
C4920,10,22,District-Bhagalpur,Rural,70-79,195,254,154,43,42,280,118,17,16
C4920,10,22,District-Bhagalpur,Rural,80-89,50,74,47,10,7,87,55,5,7
C4920,10,22,District-Bhagalpur,Rural,90+,20,36,20,3,1,32,17,3,2
C4920,10,22,District-Bhagalpur,Rural,Age Not Stated,21,68,44,9,5,12,6,4,1
C4920,10,22,District-Bhagalpur,Urban,0-4,151,124,115,9,7,57,50,12,8
C4920,10,22,District-Bhagalpur,Urban,5-9,238,155,129,55,45,99,67,25,18
C4920,10,22,District-Bhagalpur,Urban,10-19,464,319,310,133,116,312,269,105,64
C4920,10,22,District-Bhagalpur,Urban,20-29,386,213,200,98,77,348,161,101,68
C4920,10,22,District-Bhagalpur,Urban,30-39,289,211,180,77,60,201,97,81,46
C4920,10,22,District-Bhagalpur,Urban,40-49,245,199,143,63,45,169,62,69,34
C4920,10,22,District-Bhagalpur,Urban,50-59,151,131,98,37,30,102,84,29,11
C4920,10,22,District-Bhagalpur,Urban,60-69,182,117,87,41,25,148,86,14,9
C4920,10,22,District-Bhagalpur,Urban,70-79,73,51,46,14,1,61,43,12,8
C4920,10,22,District-Bhagalpur,Urban,80-89,17,21,12,5,0,21,18,2,1
C4920,10,22,District-Bhagalpur,Urban,90+,9,3,8,0,1,7,11,0,0
C4920,10,22,District-Bhagalpur,Urban,Age Not Stated,14,13,14,2,5,3,0,0,1
C4920,10,23,District-Banka,Rural,0-4,664,609,583,38,42,121,105,51,51
C4920,10,23,District-Banka,Rural,5-9,862,705,659,277,223,269,184,122,110
C4920,10,23,District-Banka,Rural,10-19,1370,1270,966,472,324,928,511,351,193
C4920,10,23,District-Banka,Rural,20-29,968,891,805,318,215,761,323,237,141
C4920,10,23,District-Banka,Rural,30-39,892,829,678,298,180,618,256,248,115
C4920,10,23,District-Banka,Rural,40-49,805,665,564,203,147,520,189,198,98
C4920,10,23,District-Banka,Rural,50-59,588,513,430,135,89,442,212,110,59
C4920,10,23,District-Banka,Rural,60-69,681,520,464,113,84,578,321,61,41
C4920,10,23,District-Banka,Rural,70-79,354,287,234,48,26,311,243,25,25
C4920,10,23,District-Banka,Rural,80-89,102,87,66,15,11,92,79,8,6
C4920,10,23,District-Banka,Rural,90+,30,25,24,5,2,36,21,2,2
C4920,10,23,District-Banka,Rural,Age Not Stated,4,5,7,2,0,2,2,4,1
C4920,10,23,District-Banka,Urban,0-4,17,10,16,1,0,8,4,4,0
C4920,10,23,District-Banka,Urban,5-9,15,15,9,4,6,11,6,2,1
C4920,10,23,District-Banka,Urban,10-19,44,28,27,17,9,34,29,13,8
C4920,10,23,District-Banka,Urban,20-29,38,13,11,10,7,34,17,7,5
C4920,10,23,District-Banka,Urban,30-39,21,9,10,8,3,15,5,21,4
C4920,10,23,District-Banka,Urban,40-49,28,17,8,5,4,16,5,11,4
C4920,10,23,District-Banka,Urban,50-59,21,10,9,2,3,14,5,3,2
C4920,10,23,District-Banka,Urban,60-69,10,12,8,3,2,12,5,1,0
C4920,10,23,District-Banka,Urban,70-79,6,3,5,2,0,6,2,1,1
C4920,10,23,District-Banka,Urban,80-89,1,1,1,1,0,0,1,0,0
C4920,10,23,District-Banka,Urban,90+,1,1,2,0,1,1,0,0,0
C4920,10,23,District-Banka,Urban,Age Not Stated,0,0,0,1,0,0,0,1,0
C4920,10,24,District-Munger,Rural,0-4,82,118,109,13,13,68,48,17,21
C4920,10,24,District-Munger,Rural,5-9,92,208,149,96,75,130,76,56,35
C4920,10,24,District-Munger,Rural,10-19,219,359,272,183,104,600,298,161,91
C4920,10,24,District-Munger,Rural,20-29,141,248,194,125,92,539,209,140,58
C4920,10,24,District-Munger,Rural,30-39,178,235,188,95,64,353,136,110,50
C4920,10,24,District-Munger,Rural,40-49,176,207,123,67,46,256,103,107,38
C4920,10,24,District-Munger,Rural,50-59,123,120,115,32,27,217,87,43,24
C4920,10,24,District-Munger,Rural,60-69,155,139,135,50,34,254,119,27,16
C4920,10,24,District-Munger,Rural,70-79,86,88,70,20,11,140,62,11,8
C4920,10,24,District-Munger,Rural,80-89,28,28,20,8,4,25,19,1,2
C4920,10,24,District-Munger,Rural,90+,9,10,10,4,0,10,10,0,0
C4920,10,24,District-Munger,Rural,Age Not Stated,0,3,2,0,2,1,0,1,0
C4920,10,24,District-Munger,Urban,0-4,12,84,58,2,4,25,14,4,4
C4920,10,24,District-Munger,Urban,5-9,26,84,86,30,26,45,29,16,7
C4920,10,24,District-Munger,Urban,10-19,54,178,146,62,54,209,118,70,28
C4920,10,24,District-Munger,Urban,20-29,53,142,106,60,33,214,105,76,29
C4920,10,24,District-Munger,Urban,30-39,33,92,86,37,18,151,67,74,33
C4920,10,24,District-Munger,Urban,40-49,52,89,74,24,14,105,36,44,20
C4920,10,24,District-Munger,Urban,50-59,31,80,60,14,15,105,45,25,16
C4920,10,24,District-Munger,Urban,60-69,54,61,53,19,9,89,46,14,8
C4920,10,24,District-Munger,Urban,70-79,23,29,19,6,6,57,30,1,2
C4920,10,24,District-Munger,Urban,80-89,9,6,14,0,3,11,10,2,0
C4920,10,24,District-Munger,Urban,90+,1,1,1,0,1,3,4,0,0
C4920,10,24,District-Munger,Urban,Age Not Stated,2,6,1,2,1,3,1,1,0
C4920,10,25,District-Lakhisarai,Rural,0-4,63,105,134,16,14,65,53,14,24
C4920,10,25,District-Lakhisarai,Rural,5-9,86,121,122,86,57,134,93,51,30
C4920,10,25,District-Lakhisarai,Rural,10-19,136,263,257,173,109,567,317,152,92
C4920,10,25,District-Lakhisarai,Rural,20-29,100,161,173,112,62,457,166,91,52
C4920,10,25,District-Lakhisarai,Rural,30-39,105,167,136,74,56,319,107,86,51
C4920,10,25,District-Lakhisarai,Rural,40-49,131,103,95,48,41,218,99,90,39
C4920,10,25,District-Lakhisarai,Rural,50-59,103,109,107,30,24,198,72,24,24
C4920,10,25,District-Lakhisarai,Rural,60-69,170,106,120,28,25,243,121,23,19
C4920,10,25,District-Lakhisarai,Rural,70-79,93,77,56,11,8,114,53,6,4
C4920,10,25,District-Lakhisarai,Rural,80-89,30,24,12,2,1,39,12,0,4
C4920,10,25,District-Lakhisarai,Rural,90+,4,10,5,1,1,6,3,1,2
C4920,10,25,District-Lakhisarai,Rural,Age Not Stated,1,2,3,0,0,3,0,0,0
C4920,10,25,District-Lakhisarai,Urban,0-4,11,16,13,2,2,8,8,3,3
C4920,10,25,District-Lakhisarai,Urban,5-9,13,10,13,12,8,17,12,10,6
C4920,10,25,District-Lakhisarai,Urban,10-19,21,45,25,15,13,71,37,21,13
C4920,10,25,District-Lakhisarai,Urban,20-29,18,21,11,9,9,60,40,14,12
C4920,10,25,District-Lakhisarai,Urban,30-39,15,29,15,12,8,63,27,20,3
C4920,10,25,District-Lakhisarai,Urban,40-49,19,25,19,10,11,33,6,21,4
C4920,10,25,District-Lakhisarai,Urban,50-59,22,17,15,5,2,31,9,7,4
C4920,10,25,District-Lakhisarai,Urban,60-69,27,14,13,7,2,22,27,6,2
C4920,10,25,District-Lakhisarai,Urban,70-79,16,10,7,0,0,21,10,1,0
C4920,10,25,District-Lakhisarai,Urban,80-89,2,6,5,0,1,6,2,0,0
C4920,10,25,District-Lakhisarai,Urban,90+,2,0,1,0,0,1,0,0,0
C4920,10,25,District-Lakhisarai,Urban,Age Not Stated,0,1,0,0,0,0,0,0,0
C4920,10,26,District-Sheikhpura,Rural,0-4,46,198,178,14,13,37,40,21,7
C4920,10,26,District-Sheikhpura,Rural,5-9,49,244,258,88,44,87,66,42,24
C4920,10,26,District-Sheikhpura,Rural,10-19,124,382,316,128,103,347,225,117,70
C4920,10,26,District-Sheikhpura,Rural,20-29,78,221,225,81,58,257,124,69,45
C4920,10,26,District-Sheikhpura,Rural,30-39,87,199,198,52,44,147,67,81,36
C4920,10,26,District-Sheikhpura,Rural,40-49,84,155,147,42,29,137,60,41,29
C4920,10,26,District-Sheikhpura,Rural,50-59,80,140,125,28,14,143,64,24,23
C4920,10,26,District-Sheikhpura,Rural,60-69,100,144,128,22,25,172,73,27,11
C4920,10,26,District-Sheikhpura,Rural,70-79,55,78,52,12,5,87,37,8,5
C4920,10,26,District-Sheikhpura,Rural,80-89,17,17,24,0,1,22,14,2,1
C4920,10,26,District-Sheikhpura,Rural,90+,3,10,10,3,0,8,3,1,2
C4920,10,26,District-Sheikhpura,Rural,Age Not Stated,0,2,2,2,0,0,0,0,0
C4920,10,26,District-Sheikhpura,Urban,0-4,7,22,18,2,2,10,3,2,2
C4920,10,26,District-Sheikhpura,Urban,5-9,12,25,18,7,9,16,5,7,2
C4920,10,26,District-Sheikhpura,Urban,10-19,26,40,27,19,19,68,43,28,17
C4920,10,26,District-Sheikhpura,Urban,20-29,13,29,25,13,11,43,32,20,4
C4920,10,26,District-Sheikhpura,Urban,30-39,20,34,16,8,7,34,11,11,2
C4920,10,26,District-Sheikhpura,Urban,40-49,13,12,10,10,4,15,10,7,3
C4920,10,26,District-Sheikhpura,Urban,50-59,11,12,14,5,3,21,9,8,7
C4920,10,26,District-Sheikhpura,Urban,60-69,15,19,10,5,4,19,13,3,2
C4920,10,26,District-Sheikhpura,Urban,70-79,6,4,5,1,1,7,5,0,0
C4920,10,26,District-Sheikhpura,Urban,80-89,2,2,1,0,0,6,2,0,1
C4920,10,26,District-Sheikhpura,Urban,90+,1,2,0,0,0,1,0,0,0
C4920,10,26,District-Sheikhpura,Urban,Age Not Stated,0,0,0,1,0,0,0,0,0
C4920,10,27,District-Nalanda,Rural,0-4,377,437,447,41,40,204,139,66,44
C4920,10,27,District-Nalanda,Rural,5-9,507,650,618,307,229,417,269,188,127
C4920,10,27,District-Nalanda,Rural,10-19,896,1104,947,570,378,1950,1166,500,328
C4920,10,27,District-Nalanda,Rural,20-29,589,783,656,366,246,1660,797,389,191
C4920,10,27,District-Nalanda,Rural,30-39,614,740,633,244,183,1078,480,369,204
C4920,10,27,District-Nalanda,Rural,40-49,538,581,455,208,170,753,291,266,116
C4920,10,27,District-Nalanda,Rural,50-59,473,416,406,145,112,648,297,160,92
C4920,10,27,District-Nalanda,Rural,60-69,634,547,418,123,96,852,457,101,76
C4920,10,27,District-Nalanda,Rural,70-79,330,275,234,59,42,517,261,43,20
C4920,10,27,District-Nalanda,Rural,80-89,93,74,77,12,16,117,87,12,8
C4920,10,27,District-Nalanda,Rural,90+,18,33,17,6,4,40,23,4,0
C4920,10,27,District-Nalanda,Rural,Age Not Stated,13,12,12,1,3,4,6,2,1
C4920,10,27,District-Nalanda,Urban,0-4,63,76,76,12,6,35,20,10,7
C4920,10,27,District-Nalanda,Urban,5-9,77,96,89,41,41,46,38,24,18
C4920,10,27,District-Nalanda,Urban,10-19,143,174,183,88,64,276,190,84,56
C4920,10,27,District-Nalanda,Urban,20-29,91,129,117,47,53,244,148,78,38
C4920,10,27,District-Nalanda,Urban,30-39,97,146,101,57,39,137,82,71,36
C4920,10,27,District-Nalanda,Urban,40-49,84,97,75,39,22,103,47,44,24
C4920,10,27,District-Nalanda,Urban,50-59,80,81,66,13,17,99,37,16,14
C4920,10,27,District-Nalanda,Urban,60-69,113,83,83,16,11,112,68,17,9
C4920,10,27,District-Nalanda,Urban,70-79,44,58,48,8,3,77,26,6,6
C4920,10,27,District-Nalanda,Urban,80-89,13,14,10,2,1,16,13,2,2
C4920,10,27,District-Nalanda,Urban,90+,5,8,7,0,1,4,5,3,1
C4920,10,27,District-Nalanda,Urban,Age Not Stated,4,9,6,1,2,4,1,0,0
C4920,10,28,District-Patna,Rural,0-4,1701,1176,1094,100,98,281,203,131,93
C4920,10,28,District-Patna,Rural,5-9,1979,1419,1393,603,537,521,382,319,198
C4920,10,28,District-Patna,Rural,10-19,3390,2388,2199,1062,776,2587,1285,765,509
C4920,10,28,District-Patna,Rural,20-29,2231,1671,1554,698,549,2120,956,581,307
C4920,10,28,District-Patna,Rural,30-39,2085,1609,1397,606,456,1533,738,557,285
C4920,10,28,District-Patna,Rural,40-49,1692,1259,965,475,329,1161,427,429,200
C4920,10,28,District-Patna,Rural,50-59,1147,897,719,295,226,1001,384,257,131
C4920,10,28,District-Patna,Rural,60-69,1324,852,744,268,192,1107,551,158,115
C4920,10,28,District-Patna,Rural,70-79,686,494,334,101,64,680,305,51,33
C4920,10,28,District-Patna,Rural,80-89,185,141,118,27,26,199,128,23,10
C4920,10,28,District-Patna,Rural,90+,58,49,38,15,9,53,53,9,10
C4920,10,28,District-Patna,Rural,Age Not Stated,36,48,38,6,4,9,14,6,2
C4920,10,28,District-Patna,Urban,0-4,955,790,811,59,56,129,110,71,65
C4920,10,28,District-Patna,Urban,5-9,1262,1217,1058,333,251,261,181,195,113
C4920,10,28,District-Patna,Urban,10-19,2512,2659,2411,672,558,1064,657,561,356
C4920,10,28,District-Patna,Urban,20-29,1991,2208,1943,516,464,1073,550,532,276
C4920,10,28,District-Patna,Urban,30-39,1814,1879,1619,448,382,764,368,426,232
C4920,10,28,District-Patna,Urban,40-49,1446,1542,1235,397,248,710,219,327,161
C4920,10,28,District-Patna,Urban,50-59,1100,1011,826,264,184,487,226,162,123
C4920,10,28,District-Patna,Urban,60-69,856,786,610,188,117,477,280,101,65
C4920,10,28,District-Patna,Urban,70-79,441,395,261,57,51,269,166,41,26
C4920,10,28,District-Patna,Urban,80-89,109,127,106,15,21,97,80,15,12
C4920,10,28,District-Patna,Urban,90+,36,49,41,10,4,22,23,6,5
C4920,10,28,District-Patna,Urban,Age Not Stated,37,86,63,6,16,7,5,4,4
C4920,10,29,District-Bhojpur,Rural,0-4,838,957,856,42,38,115,88,72,73
C4920,10,29,District-Bhojpur,Rural,5-9,1189,1213,1160,243,234,261,167,170,120
C4920,10,29,District-Bhojpur,Rural,10-19,1937,2135,1745,502,370,1192,610,450,277
C4920,10,29,District-Bhojpur,Rural,20-29,1282,1449,1255,353,220,1036,352,365,162
C4920,10,29,District-Bhojpur,Rural,30-39,1126,1242,1087,247,193,703,276,363,164
C4920,10,29,District-Bhojpur,Rural,40-49,909,1097,903,220,158,566,210,261,130
C4920,10,29,District-Bhojpur,Rural,50-59,822,803,703,136,125,455,239,130,88
C4920,10,29,District-Bhojpur,Rural,60-69,825,715,630,116,80,594,363,80,61
C4920,10,29,District-Bhojpur,Rural,70-79,475,460,321,50,35,392,279,31,19
C4920,10,29,District-Bhojpur,Rural,80-89,147,138,94,18,12,141,112,13,4
C4920,10,29,District-Bhojpur,Rural,90+,46,37,33,8,5,28,26,3,4
C4920,10,29,District-Bhojpur,Rural,Age Not Stated,23,65,25,4,2,5,3,4,1
C4920,10,29,District-Bhojpur,Urban,0-4,157,140,115,6,4,18,17,12,9
C4920,10,29,District-Bhojpur,Urban,5-9,233,184,136,39,38,37,40,25,19
C4920,10,29,District-Bhojpur,Urban,10-19,444,325,350,78,66,169,114,80,50
C4920,10,29,District-Bhojpur,Urban,20-29,278,256,204,61,43,164,77,68,37
C4920,10,29,District-Bhojpur,Urban,30-39,235,191,179,48,33,100,38,64,27
C4920,10,29,District-Bhojpur,Urban,40-49,174,166,140,37,27,100,25,49,26
C4920,10,29,District-Bhojpur,Urban,50-59,131,104,95,19,19,59,30,34,16
C4920,10,29,District-Bhojpur,Urban,60-69,119,99,75,17,18,63,38,18,14
C4920,10,29,District-Bhojpur,Urban,70-79,47,48,45,9,6,34,25,4,5
C4920,10,29,District-Bhojpur,Urban,80-89,17,24,18,2,2,10,9,0,1
C4920,10,29,District-Bhojpur,Urban,90+,4,4,4,0,2,9,3,0,0
C4920,10,29,District-Bhojpur,Urban,Age Not Stated,5,10,5,3,1,1,0,1,1
C4920,10,30,District-Buxar,Rural,0-4,191,310,290,35,18,110,95,29,41
C4920,10,30,District-Buxar,Rural,5-9,244,396,397,178,103,225,152,83,56
C4920,10,30,District-Buxar,Rural,10-19,542,791,613,257,165,869,457,332,190
C4920,10,30,District-Buxar,Rural,20-29,364,448,413,154,92,652,247,267,110
C4920,10,30,District-Buxar,Rural,30-39,332,471,434,137,103,501,210,252,98
C4920,10,30,District-Buxar,Rural,40-49,298,397,291,108,78,417,154,202,99
C4920,10,30,District-Buxar,Rural,50-59,228,282,248,58,59,377,183,97,44
C4920,10,30,District-Buxar,Rural,60-69,372,329,269,69,49,492,262,71,47
C4920,10,30,District-Buxar,Rural,70-79,217,196,150,27,17,286,199,28,22
C4920,10,30,District-Buxar,Rural,80-89,59,66,43,6,7,104,68,9,3
C4920,10,30,District-Buxar,Rural,90+,18,19,21,6,4,17,19,5,3
C4920,10,30,District-Buxar,Rural,Age Not Stated,9,11,2,1,1,3,4,2,2
C4920,10,30,District-Buxar,Urban,0-4,10,21,16,0,3,13,11,1,2
C4920,10,30,District-Buxar,Urban,5-9,21,28,26,14,12,26,14,9,7
C4920,10,30,District-Buxar,Urban,10-19,39,77,60,46,30,82,45,24,25
C4920,10,30,District-Buxar,Urban,20-29,23,50,41,17,15,69,18,37,20
C4920,10,30,District-Buxar,Urban,30-39,22,46,21,19,19,54,19,31,13
C4920,10,30,District-Buxar,Urban,40-49,19,31,30,21,7,42,17,26,4
C4920,10,30,District-Buxar,Urban,50-59,20,35,19,7,8,50,24,5,4
C4920,10,30,District-Buxar,Urban,60-69,20,27,22,10,5,46,46,4,1
C4920,10,30,District-Buxar,Urban,70-79,2,16,14,2,2,25,18,4,1
C4920,10,30,District-Buxar,Urban,80-89,3,6,7,1,0,12,9,2,0
C4920,10,30,District-Buxar,Urban,90+,0,1,1,0,1,2,1,0,0
C4920,10,30,District-Buxar,Urban,Age Not Stated,1,0,0,0,0,0,1,0,1
C4920,10,31,District-Kaimur (Bhabua),Rural,0-4,104,308,302,31,17,80,73,71,54
C4920,10,31,District-Kaimur (Bhabua),Rural,5-9,218,455,417,150,138,195,132,127,88
C4920,10,31,District-Kaimur (Bhabua),Rural,10-19,311,783,680,319,175,801,430,351,206
C4920,10,31,District-Kaimur (Bhabua),Rural,20-29,244,518,398,166,112,595,249,244,130
C4920,10,31,District-Kaimur (Bhabua),Rural,30-39,280,483,441,134,95,426,229,205,130
C4920,10,31,District-Kaimur (Bhabua),Rural,40-49,270,432,289,121,104,361,182,160,105
C4920,10,31,District-Kaimur (Bhabua),Rural,50-59,318,317,245,56,56,338,200,90,72
C4920,10,31,District-Kaimur (Bhabua),Rural,60-69,363,332,275,47,40,369,225,84,54
C4920,10,31,District-Kaimur (Bhabua),Rural,70-79,216,188,147,22,14,214,137,22,19
C4920,10,31,District-Kaimur (Bhabua),Rural,80-89,72,62,46,13,3,65,47,6,7
C4920,10,31,District-Kaimur (Bhabua),Rural,90+,30,22,17,2,5,22,20,2,2
C4920,10,31,District-Kaimur (Bhabua),Rural,Age Not Stated,16,20,17,11,7,11,1,6,0
C4920,10,31,District-Kaimur (Bhabua),Urban,0-4,1,21,18,2,8,0,1,0,2
C4920,10,31,District-Kaimur (Bhabua),Urban,5-9,5,25,25,24,22,3,4,3,0
C4920,10,31,District-Kaimur (Bhabua),Urban,10-19,10,38,42,72,47,25,5,10,6
C4920,10,31,District-Kaimur (Bhabua),Urban,20-29,2,39,33,48,44,13,8,11,4
C4920,10,31,District-Kaimur (Bhabua),Urban,30-39,4,28,24,40,36,12,2,5,2
C4920,10,31,District-Kaimur (Bhabua),Urban,40-49,5,12,14,43,38,13,3,8,2
C4920,10,31,District-Kaimur (Bhabua),Urban,50-59,8,15,14,27,19,12,8,5,1
C4920,10,31,District-Kaimur (Bhabua),Urban,60-69,7,10,6,11,13,12,9,5,1
C4920,10,31,District-Kaimur (Bhabua),Urban,70-79,8,5,2,9,4,9,9,2,0
C4920,10,31,District-Kaimur (Bhabua),Urban,80-89,0,1,1,1,2,2,0,1,1
C4920,10,31,District-Kaimur (Bhabua),Urban,90+,0,1,1,1,1,1,1,0,0
C4920,10,31,District-Kaimur (Bhabua),Urban,Age Not Stated,0,0,0,0,0,0,0,0,0
C4920,10,32,District-Rohtas,Rural,0-4,716,566,619,34,25,194,143,90,67
C4920,10,32,District-Rohtas,Rural,5-9,1003,749,724,298,212,366,260,223,136
C4920,10,32,District-Rohtas,Rural,10-19,1595,1435,1316,514,365,1797,980,538,374
C4920,10,32,District-Rohtas,Rural,20-29,1109,967,915,320,231,1488,552,385,199
C4920,10,32,District-Rohtas,Rural,30-39,985,908,881,247,176,1012,393,389,193
C4920,10,32,District-Rohtas,Rural,40-49,853,729,588,199,155,685,306,290,151
C4920,10,32,District-Rohtas,Rural,50-59,669,521,489,127,92,591,326,168,102
C4920,10,32,District-Rohtas,Rural,60-69,726,559,513,114,67,737,476,131,130
C4920,10,32,District-Rohtas,Rural,70-79,418,309,237,36,32,399,273,58,38
C4920,10,32,District-Rohtas,Rural,80-89,119,97,71,15,9,121,82,13,7
C4920,10,32,District-Rohtas,Rural,90+,41,18,27,2,3,40,36,4,10
C4920,10,32,District-Rohtas,Rural,Age Not Stated,15,17,9,4,1,4,3,1,0
C4920,10,32,District-Rohtas,Urban,0-4,38,67,68,7,5,32,22,11,8
C4920,10,32,District-Rohtas,Urban,5-9,70,100,87,41,24,54,37,34,20
C4920,10,32,District-Rohtas,Urban,10-19,119,208,171,77,61,252,161,82,66
C4920,10,32,District-Rohtas,Urban,20-29,105,156,124,50,49,207,117,95,43
C4920,10,32,District-Rohtas,Urban,30-39,94,131,106,44,39,172,75,84,33
C4920,10,32,District-Rohtas,Urban,40-49,86,91,85,41,25,120,39,64,26
C4920,10,32,District-Rohtas,Urban,50-59,56,94,73,18,13,104,51,23,21
C4920,10,32,District-Rohtas,Urban,60-69,70,84,56,13,15,115,63,18,9
C4920,10,32,District-Rohtas,Urban,70-79,42,44,36,1,2,60,26,6,3
C4920,10,32,District-Rohtas,Urban,80-89,16,8,14,1,4,20,17,3,1
C4920,10,32,District-Rohtas,Urban,90+,2,2,4,0,0,6,5,1,2
C4920,10,32,District-Rohtas,Urban,Age Not Stated,1,2,3,1,0,3,1,0,0
C4920,10,33,District-Aurangabad,Rural,0-4,934,789,704,64,45,168,126,109,80
C4920,10,33,District-Aurangabad,Rural,5-9,1169,952,831,309,274,371,233,219,170
C4920,10,33,District-Aurangabad,Rural,10-19,1958,1752,1539,536,405,1312,806,562,366
C4920,10,33,District-Aurangabad,Rural,20-29,1322,1145,1012,353,278,1151,541,385,197
C4920,10,33,District-Aurangabad,Rural,30-39,1263,1075,935,332,233,770,411,369,208
C4920,10,33,District-Aurangabad,Rural,40-49,992,853,645,249,158,643,293,280,155
C4920,10,33,District-Aurangabad,Rural,50-59,709,576,484,162,113,565,256,137,88
C4920,10,33,District-Aurangabad,Rural,60-69,730,654,528,130,85,693,310,117,79
C4920,10,33,District-Aurangabad,Rural,70-79,410,389,268,62,45,442,199,41,27
C4920,10,33,District-Aurangabad,Rural,80-89,132,104,81,15,14,124,62,8,9
C4920,10,33,District-Aurangabad,Rural,90+,19,38,24,4,3,43,30,3,4
C4920,10,33,District-Aurangabad,Rural,Age Not Stated,25,69,54,11,5,8,8,6,3
C4920,10,33,District-Aurangabad,Urban,0-4,86,40,33,6,8,18,9,5,7
C4920,10,33,District-Aurangabad,Urban,5-9,88,61,54,31,27,26,24,14,12
C4920,10,33,District-Aurangabad,Urban,10-19,190,122,138,67,63,107,70,49,40
C4920,10,33,District-Aurangabad,Urban,20-29,133,112,73,49,34,107,60,37,27
C4920,10,33,District-Aurangabad,Urban,30-39,120,70,69,45,29,52,28,41,17
C4920,10,33,District-Aurangabad,Urban,40-49,104,66,53,28,24,49,23,29,12
C4920,10,33,District-Aurangabad,Urban,50-59,74,50,40,24,13,42,17,12,5
C4920,10,33,District-Aurangabad,Urban,60-69,61,47,50,12,10,52,29,7,8
C4920,10,33,District-Aurangabad,Urban,70-79,24,29,16,6,5,26,9,4,3
C4920,10,33,District-Aurangabad,Urban,80-89,10,7,9,2,0,9,4,0,0
C4920,10,33,District-Aurangabad,Urban,90+,3,2,3,0,1,1,2,1,0
C4920,10,33,District-Aurangabad,Urban,Age Not Stated,1,2,2,1,0,0,0,0,0
C4920,10,34,District-Gaya,Rural,0-4,1724,2016,1856,115,102,295,208,198,163
C4920,10,34,District-Gaya,Rural,5-9,2125,2411,2282,706,584,564,393,363,309
C4920,10,34,District-Gaya,Rural,10-19,3410,4146,3607,1252,1016,2261,1456,1031,715
C4920,10,34,District-Gaya,Rural,20-29,2414,2804,2515,838,654,1898,969,667,380
C4920,10,34,District-Gaya,Rural,30-39,1999,2557,2226,696,594,1170,555,562,308
C4920,10,34,District-Gaya,Rural,40-49,1621,1831,1479,544,423,836,374,438,215
C4920,10,34,District-Gaya,Rural,50-59,1068,1317,1116,335,287,690,347,212,135
C4920,10,34,District-Gaya,Rural,60-69,1071,1160,934,296,211,798,446,169,108
C4920,10,34,District-Gaya,Rural,70-79,548,532,420,132,89,519,261,61,45
C4920,10,34,District-Gaya,Rural,80-89,182,168,147,30,26,130,100,16,11
C4920,10,34,District-Gaya,Rural,90+,62,74,64,17,15,53,46,8,6
C4920,10,34,District-Gaya,Rural,Age Not Stated,441,596,518,153,125,137,89,72,39
C4920,10,34,District-Gaya,Urban,0-4,151,285,277,10,3,20,22,23,15
C4920,10,34,District-Gaya,Urban,5-9,206,344,338,70,70,43,40,28,28
C4920,10,34,District-Gaya,Urban,10-19,420,763,580,164,155,215,163,124,82
C4920,10,34,District-Gaya,Urban,20-29,347,561,503,122,107,265,143,101,41
C4920,10,34,District-Gaya,Urban,30-39,280,423,409,113,91,159,74,65,39
C4920,10,34,District-Gaya,Urban,40-49,221,341,272,109,66,95,41,57,27
C4920,10,34,District-Gaya,Urban,50-59,135,253,181,71,52,76,48,19,17
C4920,10,34,District-Gaya,Urban,60-69,109,183,140,46,46,87,54,19,4
C4920,10,34,District-Gaya,Urban,70-79,44,89,61,13,16,33,31,7,4
C4920,10,34,District-Gaya,Urban,80-89,16,22,9,5,7,27,18,2,4
C4920,10,34,District-Gaya,Urban,90+,5,18,17,1,7,6,2,2,2
C4920,10,34,District-Gaya,Urban,Age Not Stated,93,199,155,30,20,21,8,24,13
C4920,10,35,District-Nawada,Rural,0-4,191,507,480,28,26,115,99,71,46
C4920,10,35,District-Nawada,Rural,5-9,303,711,664,198,162,258,208,138,102
C4920,10,35,District-Nawada,Rural,10-19,478,1064,1034,358,307,1034,621,310,238
C4920,10,35,District-Nawada,Rural,20-29,364,759,742,253,175,771,353,244,136
C4920,10,35,District-Nawada,Rural,30-39,336,665,595,197,163,502,182,220,113
C4920,10,35,District-Nawada,Rural,40-49,334,522,453,146,113,380,160,157,96
C4920,10,35,District-Nawada,Rural,50-59,289,363,361,86,60,412,174,77,51
C4920,10,35,District-Nawada,Rural,60-69,298,354,357,58,45,442,241,48,36
C4920,10,35,District-Nawada,Rural,70-79,177,206,177,23,19,269,135,18,17
C4920,10,35,District-Nawada,Rural,80-89,45,76,29,5,9,82,58,4,3
C4920,10,35,District-Nawada,Rural,90+,14,16,15,1,4,23,13,3,2
C4920,10,35,District-Nawada,Rural,Age Not Stated,3,30,13,5,0,3,1,2,1
C4920,10,35,District-Nawada,Urban,0-4,5,38,31,0,3,14,5,5,1
C4920,10,35,District-Nawada,Urban,5-9,17,50,56,16,10,16,10,7,13
C4920,10,35,District-Nawada,Urban,10-19,37,112,112,55,34,68,57,42,27
C4920,10,35,District-Nawada,Urban,20-29,30,82,79,17,13,73,34,37,18
C4920,10,35,District-Nawada,Urban,30-39,25,90,65,8,11,39,20,25,17
C4920,10,35,District-Nawada,Urban,40-49,23,60,39,10,8,30,13,21,11
C4920,10,35,District-Nawada,Urban,50-59,17,42,39,7,7,28,10,14,1
C4920,10,35,District-Nawada,Urban,60-69,27,45,29,8,3,24,14,2,6
C4920,10,35,District-Nawada,Urban,70-79,8,15,14,5,1,17,12,1,2
C4920,10,35,District-Nawada,Urban,80-89,5,6,7,0,1,8,9,0,1
C4920,10,35,District-Nawada,Urban,90+,1,1,2,1,0,5,3,0,0
C4920,10,35,District-Nawada,Urban,Age Not Stated,4,4,7,1,1,0,0,0,0
C4920,10,36,District-Jamui,Rural,0-4,96,255,256,23,22,132,91,41,36
C4920,10,36,District-Jamui,Rural,5-9,169,325,344,190,145,238,132,119,84
C4920,10,36,District-Jamui,Rural,10-19,327,557,489,302,230,777,414,289,213
C4920,10,36,District-Jamui,Rural,20-29,214,381,370,198,129,681,292,235,142
C4920,10,36,District-Jamui,Rural,30-39,258,394,344,131,116,510,194,215,98
C4920,10,36,District-Jamui,Rural,40-49,248,342,284,87,74,400,160,140,72
C4920,10,36,District-Jamui,Rural,50-59,227,255,221,78,44,366,180,77,47
C4920,10,36,District-Jamui,Rural,60-69,328,310,273,50,36,418,264,53,28
C4920,10,36,District-Jamui,Rural,70-79,159,156,131,22,26,226,121,19,12
C4920,10,36,District-Jamui,Rural,80-89,57,38,31,7,3,64,29,5,6
C4920,10,36,District-Jamui,Rural,90+,4,13,7,4,2,11,5,2,2
C4920,10,36,District-Jamui,Rural,Age Not Stated,15,31,16,1,2,12,3,3,1
C4920,10,36,District-Jamui,Urban,0-4,6,17,18,2,1,6,12,2,0
C4920,10,36,District-Jamui,Urban,5-9,8,18,27,9,11,10,5,12,2
C4920,10,36,District-Jamui,Urban,10-19,26,49,47,21,14,61,39,23,20
C4920,10,36,District-Jamui,Urban,20-29,21,37,27,14,16,67,22,35,15
C4920,10,36,District-Jamui,Urban,30-39,19,33,20,16,10,45,13,25,6
C4920,10,36,District-Jamui,Urban,40-49,27,26,15,4,4,30,22,20,9
C4920,10,36,District-Jamui,Urban,50-59,18,13,18,3,7,42,18,7,10
C4920,10,36,District-Jamui,Urban,60-69,24,20,10,9,5,37,31,4,3
C4920,10,36,District-Jamui,Urban,70-79,21,6,9,0,1,25,11,0,0
C4920,10,36,District-Jamui,Urban,80-89,2,3,2,1,0,3,4,0,0
C4920,10,36,District-Jamui,Urban,90+,1,1,0,0,0,4,2,0,0
C4920,10,36,District-Jamui,Urban,Age Not Stated,0,0,0,0,0,0,0,0,0
C4920,10,37,District-Jehanabad ,Rural,0-4,97,96,109,12,12,69,58,33,27
C4920,10,37,District-Jehanabad ,Rural,5-9,137,177,163,99,81,160,107,91,61
C4920,10,37,District-Jehanabad ,Rural,10-19,251,352,255,151,126,753,402,193,125
C4920,10,37,District-Jehanabad ,Rural,20-29,187,238,155,115,69,576,297,142,70
C4920,10,37,District-Jehanabad ,Rural,30-39,187,235,203,84,42,446,179,133,70
C4920,10,37,District-Jehanabad ,Rural,40-49,164,160,128,53,43,280,105,94,42
C4920,10,37,District-Jehanabad ,Rural,50-59,158,137,99,44,31,249,81,46,23
C4920,10,37,District-Jehanabad ,Rural,60-69,209,158,143,21,27,276,134,35,25
C4920,10,37,District-Jehanabad ,Rural,70-79,108,102,68,9,9,179,85,18,5
C4920,10,37,District-Jehanabad ,Rural,80-89,29,35,24,1,3,52,34,4,3
C4920,10,37,District-Jehanabad ,Rural,90+,8,8,11,2,3,14,12,2,0
C4920,10,37,District-Jehanabad ,Rural,Age Not Stated,1,9,7,0,0,3,0,2,1
C4920,10,37,District-Jehanabad ,Urban,0-4,9,21,33,2,4,11,5,4,6
C4920,10,37,District-Jehanabad ,Urban,5-9,8,29,47,18,15,22,7,10,4
C4920,10,37,District-Jehanabad ,Urban,10-19,27,51,84,46,26,100,54,30,18
C4920,10,37,District-Jehanabad ,Urban,20-29,20,50,66,29,28,91,33,22,7
C4920,10,37,District-Jehanabad ,Urban,30-39,21,35,49,17,21,57,19,25,12
C4920,10,37,District-Jehanabad ,Urban,40-49,14,39,35,13,12,35,20,19,4
C4920,10,37,District-Jehanabad ,Urban,50-59,12,21,15,11,8,24,14,12,3
C4920,10,37,District-Jehanabad ,Urban,60-69,15,12,11,4,5,14,9,3,3
C4920,10,37,District-Jehanabad ,Urban,70-79,5,7,4,5,4,20,6,2,1
C4920,10,37,District-Jehanabad ,Urban,80-89,1,1,0,0,0,2,0,1,0
C4920,10,37,District-Jehanabad ,Urban,90+,0,0,0,0,0,0,0,0,0
C4920,10,37,District-Jehanabad ,Urban,Age Not Stated,1,0,0,1,0,0,0,0,0
C4920,10,38,District-Arwal,Rural,0-4,88,100,96,6,5,52,27,6,8
C4920,10,38,District-Arwal,Rural,5-9,110,142,102,64,39,82,59,37,26
C4920,10,38,District-Arwal,Rural,10-19,164,243,199,112,77,391,198,123,69
C4920,10,38,District-Arwal,Rural,20-29,106,158,132,65,50,341,136,99,39
C4920,10,38,District-Arwal,Rural,30-39,132,164,125,54,38,268,114,97,34
C4920,10,38,District-Arwal,Rural,40-49,102,148,94,45,35,228,81,71,30
C4920,10,38,District-Arwal,Rural,50-59,93,115,83,19,22,152,64,31,16
C4920,10,38,District-Arwal,Rural,60-69,115,121,101,25,17,211,81,21,15
C4920,10,38,District-Arwal,Rural,70-79,67,54,43,11,9,102,56,9,8
C4920,10,38,District-Arwal,Rural,80-89,15,29,18,0,1,24,15,2,2
C4920,10,38,District-Arwal,Rural,90+,5,4,8,2,1,5,3,1,2
C4920,10,38,District-Arwal,Rural,Age Not Stated,1,3,3,2,0,1,0,0,0
C4920,10,38,District-Arwal,Urban,0-4,3,4,2,0,0,4,0,0,0
C4920,10,38,District-Arwal,Urban,5-9,3,4,4,3,3,5,4,0,0
C4920,10,38,District-Arwal,Urban,10-19,8,9,6,6,9,22,21,9,4
C4920,10,38,District-Arwal,Urban,20-29,9,11,3,6,4,30,8,8,4
C4920,10,38,District-Arwal,Urban,30-39,6,8,6,3,5,21,11,8,0
C4920,10,38,District-Arwal,Urban,40-49,5,11,4,5,3,11,6,5,2
C4920,10,38,District-Arwal,Urban,50-59,5,8,6,3,4,11,0,5,1
C4920,10,38,District-Arwal,Urban,60-69,7,3,7,1,0,11,6,0,0
C4920,10,38,District-Arwal,Urban,70-79,1,3,1,2,0,3,1,0,0
C4920,10,38,District-Arwal,Urban,80-89,0,2,0,0,0,0,0,0,0
C4920,10,38,District-Arwal,Urban,90+,0,0,0,0,0,1,2,0,0
C4920,10,38,District-Arwal,Urban,Age Not Stated,0,1,1,0,0,1,0,0,0
